[
  {
    "network": [
      {
          "org_name": "AutomationTestOrg_DONOTDELETE",
          "org_id" : 686798943174000795,
          "clone_store": "0_Base_Config_v1"
      },
      {
          "org_name": "Ecert_Org2",
		  "org_id": 686798943174000764
      },
      {
          "org_name": "Firewall_Testing_Org",
          "org_id" : 686798943174000817,
          "clone_store": "0_Base_Config_v1"
      },
      {
          "org_name": "New_Production_MX_Org",
          "org_id": 686798943174000779,
          "clone_store": "0_Base_Config_v1"
      },
      {
          "org_name": "Pilot_Org",
		  "org_id": 686798943174000822,
          "clone_store": "0_Base_Config_v1"
      },
      {
          "org_name": "Store_QA_Org",
          "org_id": 686798943174000752,
          "clone_store": "0_Base_Config_v1"
      }
    ],
    "vlan":
      {
        "device_prefix": "cc",
        "device_postfix": "",
        "funnel_file": "vlans-funnel",
        "netx_file": "vlans-netx"
      }
    ,
    "firewall": {
      "static_route_next_hop": "24"
    },
    "vpn":
      {
        "hubnetworks" : [
          {
            "org_name": "Store_QA_Org",
            "id": [
              "N_686798943174004323",
              "N_686798943174004324"
            ]
          },
          {
            "org_name": "Ecert_Org2",
            "id": [
              "N_686798943174004604",
              "N_686798943174004605"
            ]
          },
          {
            "org_name": "New_Production_MX_Org",
            "id": [
              "N_686798943174005061",
              "N_686798943174005062"
            ]
          },
          {
            "org_name": "AutomationTestOrg_DONOTDELETE",
            "id": [
              "N_686798943174005998",
              "N_686798943174005999"
            ]
          },
          {
            "org_name": "Firewall_Testing_Org",
            "id": [
              "N_686798943174006638",
              "N_686798943174006639"
            ]
          },
          {
            "org_name": "Pilot_Org",
            "id": [
              "N_686798943174006976",
              "N_686798943174006977"
            ]
          }
        ]
      ,
        "defaultroute": [
          true,
          true
        ]
      }
  }
]