comment,policy,protocol,srcPort,srcCidr,destPort,destCidr,syslogEnabled
413,allow,tcp,Any,VLAN(24).23,58019,VLAN(70).62,false
1755,allow,tcp,Any,VLAN(24).23,22,VLAN(70).19,false
2449,deny,any,Any,VLAN(4).*,Any,VLAN(4).15,true
2589,allow,tcp,Any,VLAN(6).16,3389,VLAN(19).*,false
"2699, 2766",allow,tcp,Any,VLAN(6).12,"139,3466",VLAN(24).157,false
"3236, 3237",allow,tcp,Any,"VLAN(7).7,VLAN(6).19",58081-58443,VLAN(70).19,false
"3240, 3241",allow,tcp,Any,VLAN(7).7,58081-58443,"VLAN(70).62,VLAN(70).18",false
3254,allow,tcp,Any,VLAN(7).*,22,VLAN(24).23,false
3256,allow,any,Any,VLAN(7).*,Any,VLAN(24).23,false
"3317, 3318, 3319, 3320",allow,tcp,Any,"VLAN(7).1,VLAN(7).2,VLAN(7).3,VLAN(7).4,VLAN(7).5,VLAN(7).6,VLAN(7).7,VLAN(7).8,VLAN(7).9,VLAN(7).10,VLAN(7).11,VLAN(7).12,VLAN(7).13,VLAN(7).14","58081,58443","VLAN(70).19,VLAN(70).62",false
"3331, 3332, 3415",allow,tcp,Any,VLAN(7).*,9100,"VLAN(24).10,VLAN(24).40,VLAN(24).41,VLAN(24).42,VLAN(24).43,VLAN(24).44,VLAN(24).45,VLAN(24).46,VLAN(95).*",false
"3333, 3334",allow,udp,Any,VLAN(7).*,161,"VLAN(24).10,VLAN(24).40,VLAN(24).41,VLAN(24).42,VLAN(24).43,VLAN(24).44,VLAN(24).45,VLAN(24).46",false
"3339, 3340, 3341, 3342, 3343, 3344",allow,tcp,Any,VLAN(7).25,"52072,1433,8310,8311","VLAN(24).195,VLAN(24).132",false
"3355, 3403",allow,tcp,Any,VLAN(7).12,139-445,"VLAN(24).9,VLAN(70).34",false
"3357, 3380, 3462",allow,tcp,Any,"VLAN(7).4,VLAN(7).5,VLAN(7).6,VLAN(7).*,VLAN(7).8,VLAN(7).9,VLAN(7).10",Any,VLAN(24).157,false
3359,allow,tcp,Any,VLAN(7).*,135-445,VLAN(24).157,false
"3363, 3364, 3365, 3399, 3400, 3401",allow,tcp,Any,VLAN(7).*,"445,135,136,137,138,139,1433,1434","VLAN(24).1,VLAN(24).2,VLAN(24).3,VLAN(24).4,VLAN(24).5,VLAN(24).6,VLAN(24).7,VLAN(24).8,VLAN(24).9,VLAN(24).10,VLAN(24).11,VLAN(24).12,VLAN(24).13,VLAN(24).14,VLAN(24).15,VLAN(24).16,VLAN(24).17,VLAN(24).18,VLAN(24).19,VLAN(24).20,VLAN(24).21,VLAN(24).22,VLAN(24).23,VLAN(24).24,VLAN(24).25,VLAN(24).26,VLAN(24).27,VLAN(24).28,VLAN(24).29,VLAN(24).30,VLAN(24).31,VLAN(24).32,VLAN(24).33,VLAN(24).34,VLAN(24).35,VLAN(24).36,VLAN(24).37,VLAN(24).38,VLAN(24).39,VLAN(24).40,VLAN(24).41,VLAN(24).42,VLAN(24).43,VLAN(24).44,VLAN(24).45,VLAN(24).46,VLAN(24).47,VLAN(24).48,VLAN(24).49,VLAN(24).50,VLAN(24).51,VLAN(24).52,VLAN(24).53,VLAN(24).54,VLAN(24).55,VLAN(24).56,VLAN(24).57,VLAN(24).58,VLAN(24).59,VLAN(24).60,VLAN(24).61,VLAN(24).62,VLAN(24).63,VLAN(24).64,VLAN(24).65,VLAN(24).66,VLAN(24).67,VLAN(24).68,VLAN(24).69,VLAN(24).70,VLAN(24).71,VLAN(24).72,VLAN(24).73,VLAN(24).74,VLAN(24).75,VLAN(24).76,VLAN(24).77,VLAN(24).78,VLAN(24).79,VLAN(24).80,VLAN(24).81,VLAN(24).82,VLAN(24).83,VLAN(24).84,VLAN(24).85,VLAN(24).86,VLAN(24).87,VLAN(24).88,VLAN(24).89,VLAN(24).90,VLAN(24).91,VLAN(24).92,VLAN(24).93,VLAN(24).94,VLAN(24).95,VLAN(24).96,VLAN(24).97,VLAN(24).98,VLAN(24).99,VLAN(24).100,VLAN(24).101,VLAN(24).102,VLAN(24).103,VLAN(24).104,VLAN(24).105,VLAN(24).106,VLAN(24).107,VLAN(24).108,VLAN(24).109,VLAN(24).110,VLAN(24).111,VLAN(24).112,VLAN(24).113,VLAN(24).114,VLAN(24).115,VLAN(24).116,VLAN(24).117,VLAN(24).118,VLAN(24).119,VLAN(24).120,VLAN(24).121,VLAN(24).122,VLAN(24).123,VLAN(24).124,VLAN(24).125,VLAN(24).126,VLAN(70).*",false
"3366, 3367, 3402",allow,tcp,Any,VLAN(7).*,3000-3300,"VLAN(24).9,VLAN(24).36,VLAN(70).*",false
"3371, 3372",allow,tcp,Any,VLAN(7).30,7025,"VLAN(24).11,VLAN(24).40,VLAN(24).41,VLAN(24).42,VLAN(24).43,VLAN(24).44,VLAN(24).45,VLAN(24).46",false
"3409, 3410, 3411",allow,tcp,Any,VLAN(7).30,"38310,38311,38312,38313,38314,38315,38316,38317,38318,38319,38320","VLAN(70).1,VLAN(70).2,VLAN(70).3,VLAN(70).4,VLAN(70).5,VLAN(70).6,VLAN(70).7,VLAN(70).8,VLAN(70).9,VLAN(70).10,VLAN(70).11,VLAN(70).12,VLAN(70).13,VLAN(70).14,VLAN(70).32,VLAN(70).33,VLAN(70).34,VLAN(70).35,VLAN(70).36,VLAN(70).37,VLAN(70).38,VLAN(70).39,VLAN(70).40,VLAN(70).41,VLAN(70).42,VLAN(70).43,VLAN(70).44,VLAN(70).45,VLAN(70).46,VLAN(70).48,VLAN(70).49,VLAN(70).50,VLAN(70).51,VLAN(70).52,VLAN(70).53,VLAN(70).54",false
"3413, 3414",allow,tcp,Any,"VLAN(7).24,VLAN(7).25,VLAN(7).26,VLAN(7).27,VLAN(7).28,VLAN(7).29,VLAN(7).30","9100,515",VLAN(95).*,false
3416,allow,tcp,Any,VLAN(7).*,515,VLAN(95).*,false
"3418, 3419",allow,tcp,Any,"VLAN(7).1,VLAN(7).2,VLAN(7).3,VLAN(7).4,VLAN(7).5,VLAN(7).6,VLAN(7).7,VLAN(7).8,VLAN(7).9,VLAN(7).10,VLAN(7).11,VLAN(7).12,VLAN(7).13,VLAN(7).14,VLAN(7).16,VLAN(7).17,VLAN(7).18,VLAN(7).19,VLAN(7).20,VLAN(7).21,VLAN(7).22","38310,38311,38312,38313,38314,38315,38316,38317,38318,38319,38320",VLAN(70).34,false
3438,allow,tcp,Any,VLAN(7).7,7001,VLAN(24).22,false
3439,allow,tcp,Any,VLAN(7).7,38331,VLAN(70).*,false
"3445, 3446",allow,tcp,Any,VLAN(7).7,"58081,58443",VLAN(70).62,false
"3467, 3468",allow,tcp,Any,VLAN(7).24,"1500,58888",VLAN(70).62,false
3470,allow,tcp,Any,VLAN(7).24,512,VLAN(95).8,false
"3558, 3569",deny,any,Any,VLAN(8).*,Any,VLAN(24).*,true
"3656, 4218, 4219, 4220, 4221, 4222",allow,any,Any,VLAN(19).*,Any,"10.218.192.250/32,VLAN(6).3,VLAN(6).15,VLAN(6).21,VLAN(6).22,VLAN(6).24,VLAN(6).25,VLAN(6).26",false
"3671, 3684, 4287, 4289, 4299, 4351",allow,tcp,Any,VLAN(19).79,7003,"VLAN(24).23,VLAN(70).19,VLAN(70).34,VLAN(70).35,VLAN(7).30,VLAN(70).62",false
"3683, 3686",allow,tcp,Any,VLAN(19).79,"22,58081",VLAN(70).19,false
"3687, 4683, 4684, 4685",allow,tcp,Any,"VLAN(19).124,VLAN(24).124,VLAN(24).5,VLAN(24).6",58081,VLAN(70).19,false
"3696, 4104, 4105",allow,tcp,Any,VLAN(19).8,445,"VLAN(70).*,VLAN(24).157,VLAN(24).21",false
3697,allow,udp,Any,VLAN(19).8,445,VLAN(70).*,false
3703,allow,tcp,Any,VLAN(19).*,3389,VLAN(6).16,false
"3714, 3715",allow,any,Any,VLAN(19).241,Any,"VLAN(24).5,VLAN(24).6",false
"3718, 3719, 4352",allow,tcp,Any,VLAN(19).79,"22,7001",VLAN(70).62,false
"3718, 3719, 4352",allow,tcp,Any,VLAN(19).79,58081-58443,VLAN(70).62,false
"vlan19 B RITM0184904 RITM0181488 ssolo19 2/15/18 3766, 4588, 4590",allow,tcp,Any,"VLAN(19).184,VLAN(19).185,VLAN(19).186,VLAN(19).187,VLAN(19).188,VLAN(19).189,VLAN(19).190,VLAN(19).53,VLAN(19).54,VLAN(19).36,VLAN(19).195","3464,3465,3466",VLAN(24).157,false
"vlan19 B RITM0184904 RITM0181488 ssolo19 2/15/18 3767, 4589, 4591",allow,udp,Any,"VLAN(19).184,VLAN(19).185,VLAN(19).186,VLAN(19).187,VLAN(19).188,VLAN(19).189,VLAN(19).190,VLAN(19).53,VLAN(19).54,VLAN(19).36,VLAN(19).195","3464,3465,3466",VLAN(24).157,false
"3785, 3786, 4236",allow,udp,Any,VLAN(19).21,"9300,9340,161",VLAN(95).*,false
"3914, 3916",allow,udp,Any,VLAN(19).8,Any,"VLAN(24).10,VLAN(24).12",false
"3915, 3917",allow,tcp,Any,VLAN(19).8,Any,"VLAN(24).10,VLAN(24).12",false
"3918, 3919, 3924",allow,tcp,Any,VLAN(19).8,"139,3461,3466",VLAN(24).157,false
"3920, 4107",allow,tcp,Any,VLAN(19).8,"21,22",VLAN(24).4,false
"3921, 4172, 4190, 4191, 4192, 4207, 4527",allow,tcp,Any,"VLAN(19).8,VLAN(19).33,VLAN(19).51,VLAN(19).30,VLAN(19).194,VLAN(19).14,VLAN(19).34",3389,VLAN(24).89,false
"3922, 3923",allow,tcp,Any,VLAN(19).8,"3001,2502",VLAN(24).24,false
"3976, 3977, 3978, 3979",allow,tcp,Any,VLAN(19).46,9100,"VLAN(24).10,VLAN(24).12,VLAN(24).43,VLAN(24).70",false
"3980, 3981",allow,tcp,Any,VLAN(19).46,"3466,445",VLAN(24).157,false
"4029, 4030, 4031, 4032, 4406, 4407, 4408, 4409",allow,tcp,Any,"VLAN(19).27,VLAN(19).20","139,445,3461,3466",VLAN(24).157,false
"4033, 4034",allow,tcp,Any,VLAN(19).27,"445,9100",VLAN(24).21,false
"4041, 4042, 4043, 4050, 4051, 4052, 4059, 4060, 4061, 4068, 4069, 4070, 4084, 4085, 4086, 4096, 4097, 4098, 4110, 4111, 4112, 4156, 4157, 4158, 4164, 4165, 4166, 4173, 4174, 4175, 4194, 4195, 4196, 4246, 4247, 4248, 4251, 4252, 4253, 4519, 4520, 4521",allow,tcp,Any,"VLAN(19).95,VLAN(19).96,VLAN(19).240,VLAN(19).241,VLAN(19).242,VLAN(19).243,VLAN(19).244,VLAN(19).245,VLAN(19).246,VLAN(19).248,VLAN(19).194,VLAN(19).32,VLAN(19).51,VLAN(19).158,VLAN(19).33,VLAN(19).30,VLAN(19).14,VLAN(19).82,VLAN(19).81,VLAN(19).34","445,139,3466,135",VLAN(24).157,true
"4044, 4045, 4053, 4054, 4062, 4063, 4071, 4072, 4087, 4088, 4099, 4100",allow,tcp,Any,"VLAN(19).95,VLAN(19).96,VLAN(19).240,VLAN(19).241,VLAN(19).242,VLAN(19).243,VLAN(19).244,VLAN(19).245,VLAN(19).246,VLAN(19).248,VLAN(19).194,VLAN(19).32","445,139",VLAN(24).21,false
"4046, 4055, 4064, 4073, 4153",allow,tcp,Any,"VLAN(19).95,VLAN(19).96,VLAN(19).240,VLAN(19).241,VLAN(19).242,VLAN(19).243,VLAN(19).244,VLAN(19).245,VLAN(19).246,VLAN(19).248,VLAN(19).*",9100,VLAN(24).12,false
"4047, 4048, 4049, 4056, 4057, 4058, 4065, 4066, 4067, 4074, 4075, 4076, 4089, 4090, 4091, 4101, 4102, 4103, 4115, 4116, 4117, 4161, 4162, 4163, 4169, 4170, 4171, 4178, 4179, 4180, 4199, 4200, 4201, 4209, 4210, 4211, 4242, 4243, 4244",allow,tcp,Any,"VLAN(19).95,VLAN(19).96,VLAN(19).240,VLAN(19).241,VLAN(19).242,VLAN(19).243,VLAN(19).244,VLAN(19).245,VLAN(19).246,VLAN(19).248,VLAN(19).194,VLAN(19).32,VLAN(19).51,VLAN(19).158,VLAN(19).33,VLAN(19).30,VLAN(19).14,VLAN(19).27,VLAN(19).21",22,"VLAN(24).4,VLAN(24).5,VLAN(24).6",false
"4092, 4093",allow,tcp,Any,VLAN(19).194,20000,"VLAN(24).5,VLAN(24).6",false
"4094, 4095",allow,tcp,Any,VLAN(19).194,1229,"VLAN(24).59,VLAN(24).60",false
"4106, 4114, 4160, 4168, 4177, 4198, 4523",allow,tcp,Any,"VLAN(19).8,VLAN(19).51,VLAN(19).158,VLAN(19).33,VLAN(19).30,VLAN(19).14,VLAN(19).34",139,VLAN(24).21,false
"4108, 4109, 4257, 4258, 4259, 4260, 4398, 4399, 4441, 4443, 4525, 4526",allow,tcp,Any,"VLAN(19).8,VLAN(19).81,VLAN(19).82,VLAN(19).238,VLAN(19).20,VLAN(19).34",22,"VLAN(24).5,VLAN(24).6",false
"4113, 4159, 4167, 4176, 4197, 4395, 4410, 4522",allow,tcp,Any,"VLAN(19).51,VLAN(19).158,VLAN(19).33,VLAN(19).30,VLAN(19).14,VLAN(19).238,VLAN(19).20,VLAN(19).34",445,VLAN(24).21,false
"4137, 4138",allow,tcp,Any,VLAN(19).8,80,"VLAN(6).18,VLAN(7).25",false
"4151, 4152, 4154",allow,tcp,Any,VLAN(19).*,9100,"VLAN(24).10,VLAN(24).40,VLAN(24).41,VLAN(24).42,VLAN(24).43,VLAN(24).44,VLAN(24).45,VLAN(24).46,VLAN(24).62",false
"4184, 4528",allow,tcp,Any,"VLAN(19).33,VLAN(19).34",8080,10.218.192.162/32,false
"4234, 4235, 4239, 4240",allow,tcp,Any,"VLAN(19).21,VLAN(19).8","515,9100",VLAN(95).*,false
"4237, 4238",allow,tcp,Any,VLAN(19).21,3466,VLAN(24).157,false
"4237, 4238",allow,tcp,Any,VLAN(19).21,135-445,VLAN(24).157,false
"4249, 4254, 4397, 4439, 4524",allow,tcp,Any,"VLAN(19).82,VLAN(19).81,VLAN(19).238,VLAN(19).20,VLAN(19).34",22,VLAN(24).4,false
"4288, 4290, 4300, 4305",allow,tcp,Any,VLAN(19).64,7003,"VLAN(70).34,VLAN(70).35,VLAN(7).30,VLAN(24).23",false
"4291, 4292, 4293, 4294",allow,udp,Any,"VLAN(19).79,VLAN(19).64",1023-65535,"VLAN(16).65,VLAN(16).64,VLAN(16).65,VLAN(16).66,VLAN(16).67,VLAN(16).68,VLAN(16).69,VLAN(16).70,VLAN(16).71,VLAN(16).72,VLAN(16).73,VLAN(16).74,VLAN(16).75,VLAN(16).76,VLAN(16).77,VLAN(16).78",false
"4307, 4310",allow,tcp,Any,VLAN(19).79,Any,VLAN(24).157,false
4308,allow,udp,Any,VLAN(19).79,"135,136,137,138,139",VLAN(24).157,false
4311,allow,tcp,Any,VLAN(19).64,Any,VLAN(24).157,false
"4312, 4313",allow,tcp,Any,"VLAN(19).79,VLAN(19).64",22,VLAN(24).23,false
4367,allow,tcp,Any,"VLAN(19).200,VLAN(19).201,VLAN(19).202,VLAN(19).203,VLAN(19).204,VLAN(19).205,VLAN(19).206",1025,VLAN(24).4,false
"4386, 4387, 4392, 4393, 4394",allow,tcp,Any,VLAN(19).238,"3464,3466,139,445,3461",VLAN(24).157,false
"4396, 4411",allow,tcp,Any,"VLAN(19).238,VLAN(19).20",9100,VLAN(24).21,false
"4440, 4442, 4444",allow,tcp,Any,VLAN(19).20,445,"VLAN(24).4,VLAN(24).5,VLAN(24).6",false
"4495, 4496",allow,tcp,Any,VLAN(19).35,"3464,3466",VLAN(24).157,false
"4497, 4498",allow,udp,Any,VLAN(19).35,"3464,3466",VLAN(24).157,false
"4538, 4539, 4540, 4541, 4542, 4543, 4544, 4545, 4546, 4547, 4548, 4549, 4550, 4551, 4552, 4553, 4554, 4555, 4556, 4557, 4558, 4559, 4560, 4561",allow,tcp,Any,VLAN(19).194,"5672,15672","VLAN(24).151,VLAN(24).152,VLAN(24).153,VLAN(24).154,VLAN(24).193,VLAN(24).194,VLAN(24).195,VLAN(24).196,VLAN(24).197,VLAN(24).198,VLAN(24).116,VLAN(24).117,VLAN(24).118,VLAN(24).120",false
"4593, 5296, 5300, 5302, 5304, 5306, 5308, 5309, 5311",allow,tcp,Any,"VLAN(19).27,VLAN(24).4,VLAN(24).5,VLAN(24).6,VLAN(24).23,VLAN(24).70,VLAN(24).157,VLAN(24).86,VLAN(24).*",9100,VLAN(95).*,false
4594,allow,udp,Any,VLAN(19).27,9100,VLAN(95).*,false
4604,allow,any,Any,VLAN(24).*,Any,10.218.192.250/32,false
4648,allow,tcp,Any,VLAN(24).33,80,VLAN(70).62,false
"4719, 4720",allow,tcp,Any,VLAN(24).50,1417,"VLAN(70).62,VLAN(75).53",false
"4904, 4905, 4906, 4914, 5298",allow,tcp,Any,VLAN(24).4,80,"VLAN(80).200,VLAN(80).201,VLAN(80).202,VLAN(80).203,VLAN(80).204,VLAN(80).205,VLAN(80).206,VLAN(80).208,VLAN(80).209,VLAN(80).210,VLAN(80).211,VLAN(80).212,VLAN(80).213,VLAN(80).214,VLAN(80).215,VLAN(80).216,VLAN(80).217,VLAN(80).218,VLAN(80).219,VLAN(80).220,VLAN(80).221,VLAN(80).222,VLAN(80).224,VLAN(80).225,VLAN(80).226,VLAN(80).227,VLAN(80).228,VLAN(80).229,VLAN(80).230,VLAN(80).231,VLAN(80).232,VLAN(80).233,VLAN(80).234,VLAN(80).235,VLAN(80).236,VLAN(80).237,VLAN(80).238,VLAN(85).30,VLAN(95).*",false
"4907, 4908, 4909",allow,tcp,Any,VLAN(24).4,443,"VLAN(80).200,VLAN(80).201,VLAN(80).202,VLAN(80).203,VLAN(80).204,VLAN(80).205,VLAN(80).206,VLAN(80).208,VLAN(80).209,VLAN(80).210,VLAN(80).211,VLAN(80).212,VLAN(80).213,VLAN(80).214,VLAN(80).215,VLAN(80).216,VLAN(80).217,VLAN(80).218,VLAN(80).219,VLAN(80).220,VLAN(80).221,VLAN(80).222,VLAN(80).224,VLAN(80).225,VLAN(80).226,VLAN(80).227,VLAN(80).228,VLAN(80).229,VLAN(80).230,VLAN(80).231,VLAN(80).232,VLAN(80).233,VLAN(80).234,VLAN(80).235,VLAN(80).236,VLAN(80).237,VLAN(80).238",false
4912,allow,tcp,Any,VLAN(24).10,80,VLAN(85).30,false
"5007, 5141",allow,tcp,Any,VLAN(24).23,"5390,58019",VLAN(70).62,false
"5015, 5016",allow,any,Any,"VLAN(24).5,VLAN(24).6",Any,VLAN(19).241,false
vlan24 B RITM0184904 RITM0181488 ssolo19 2/15/18 5133,allow,tcp,Any,VLAN(24).157,"3464,3465,3466","VLAN(19).184,VLAN(19).185,VLAN(19).186,VLAN(19).187,VLAN(19).188,VLAN(19).189,VLAN(19).190,VLAN(19).36,VLAN(19).195",false
vlan24 B RITM0184904 RITM0181488 ssolo19 2/15/18 5134,allow,udp,Any,VLAN(24).157,"3464,3465,3466","VLAN(19).184,VLAN(19).185,VLAN(19).186,VLAN(19).187,VLAN(19).188,VLAN(19).189,VLAN(19).190,VLAN(19).36,VLAN(19).195",false
5171,allow,tcp,Any,VLAN(24).30,9100,VLAN(19).28,false
"5215, 5216",allow,tcp,Any,"VLAN(24).22,VLAN(24).23",1111,VLAN(70).61,false
"5257, 5263",allow,tcp,Any,VLAN(24).4,6000,"VLAN(16).208,VLAN(16).209,VLAN(16).210,VLAN(16).211,VLAN(16).212,VLAN(16).213,VLAN(16).214,VLAN(16).215,VLAN(16).216,VLAN(16).217,VLAN(16).218,VLAN(16).219,VLAN(16).220,VLAN(16).221,VLAN(16).222,VLAN(16).200,VLAN(16).201,VLAN(16).202,VLAN(16).203,VLAN(16).204,VLAN(16).205,VLAN(16).206",false
5264,allow,any,Any,VLAN(24).4,Any,"VLAN(16).224,VLAN(16).225,VLAN(16).226,VLAN(16).227,VLAN(16).228,VLAN(16).229,VLAN(16).230,VLAN(16).231,VLAN(16).232,VLAN(16).233,VLAN(16).234,VLAN(16).235,VLAN(16).236,VLAN(16).237,VLAN(16).238",false
5267,allow,tcp,Any,VLAN(24).4,10100,"VLAN(80).48,VLAN(80).49,VLAN(80).50,VLAN(80).51,VLAN(80).52,VLAN(80).53,VLAN(80).54,VLAN(80).55,VLAN(80).56,VLAN(80).57,VLAN(80).58,VLAN(80).59,VLAN(80).60,VLAN(80).61,VLAN(80).62",false
5268,allow,udp,Any,VLAN(24).4,10100,VLAN(80).64,false
"5295, 5299, 5301, 5303, 5305, 5307, 5310, 5312",allow,tcp,Any,"VLAN(24).4,VLAN(24).5,VLAN(24).6,VLAN(24).23,VLAN(24).70,VLAN(24).157,VLAN(24).86,VLAN(24).*",515,VLAN(95).*,false
5313,allow,udp,Any,VLAN(24).157,161,VLAN(95).*,false
5314,allow,tcp,Any,VLAN(24).*,135-445,VLAN(19).21,false
5333,allow,tcp,Any,VLAN(24).157,1778,VLAN(16).45,false
"5369, 5370, 5371, 6308",allow,tcp,Any,VLAN(24).4,22,"VLAN(19).200,VLAN(19).201,VLAN(19).202,VLAN(19).203,VLAN(19).204,VLAN(19).205,VLAN(19).206,VLAN(19).208,VLAN(19).209,VLAN(19).210,VLAN(19).211,VLAN(19).212,VLAN(19).213,VLAN(19).214,VLAN(19).215,VLAN(19).216,VLAN(19).217,VLAN(19).218,VLAN(19).219,VLAN(19).220,VLAN(19).221,VLAN(19).222,VLAN(19).224,VLAN(19).225,VLAN(19).226,VLAN(19).227,VLAN(19).228,VLAN(19).229,VLAN(19).230,VLAN(19).231,VLAN(19).232,VLAN(19).233,VLAN(19).234,VLAN(19).235,VLAN(19).236,VLAN(19).237,VLAN(19).238,VLAN(19).20",false
"5372, 5373, 5374, 5801",allow,tcp,Any,VLAN(24).4,6000,"VLAN(19).200,VLAN(19).201,VLAN(19).202,VLAN(19).203,VLAN(19).204,VLAN(19).205,VLAN(19).206,VLAN(19).208,VLAN(19).209,VLAN(19).210,VLAN(19).211,VLAN(19).212,VLAN(19).213,VLAN(19).214,VLAN(19).215,VLAN(19).216,VLAN(19).217,VLAN(19).218,VLAN(19).219,VLAN(19).220,VLAN(19).221,VLAN(19).222,VLAN(19).224,VLAN(19).225,VLAN(19).226,VLAN(19).227,VLAN(19).228,VLAN(19).229,VLAN(19).230,VLAN(19).231,VLAN(19).232,VLAN(19).233,VLAN(19).234,VLAN(19).235,VLAN(19).236,VLAN(19).237,VLAN(19).238,VLAN(16).224,VLAN(16).225,VLAN(16).226,VLAN(16).227,VLAN(16).228,VLAN(16).229,VLAN(16).230,VLAN(16).231,VLAN(16).232,VLAN(16).233,VLAN(16).234,VLAN(16).235,VLAN(16).236,VLAN(16).237,VLAN(16).238",false
"5375, 5376, 5377, 5378, 5379, 5380",allow,tcp,Any,VLAN(24).4,"1024,2305","VLAN(19).200,VLAN(19).201,VLAN(19).202,VLAN(19).203,VLAN(19).204,VLAN(19).205,VLAN(19).206,VLAN(19).208,VLAN(19).209,VLAN(19).210,VLAN(19).211,VLAN(19).212,VLAN(19).213,VLAN(19).214,VLAN(19).215,VLAN(19).216,VLAN(19).217,VLAN(19).218,VLAN(19).219,VLAN(19).220,VLAN(19).221,VLAN(19).222,VLAN(19).224,VLAN(19).225,VLAN(19).226,VLAN(19).227,VLAN(19).228,VLAN(19).229,VLAN(19).230,VLAN(19).231,VLAN(19).232,VLAN(19).233,VLAN(19).234,VLAN(19).235,VLAN(19).236,VLAN(19).237,VLAN(19).238",false
"5425, 5426, 6313",allow,tcp,Any,VLAN(24).23,58081,"VLAN(70).19,VLAN(70).62,VLAN(70).61",false
"5448, 5449, 5450, 5477, 5480, 5481, 5482",allow,udp,Any,VLAN(24).157,69,"VLAN(16).45,VLAN(16).46,VLAN(16).48,VLAN(80).64,VLAN(80).65,VLAN(80).66,VLAN(80).67,VLAN(80).68,VLAN(80).69,VLAN(80).70,VLAN(80).71,VLAN(80).72,VLAN(80).73,VLAN(80).74,VLAN(80).75,VLAN(80).76,VLAN(80).77,VLAN(80).78,VLAN(80).79,VLAN(80).80,VLAN(80).81,VLAN(80).82,VLAN(80).83,VLAN(80).84,VLAN(80).85,VLAN(80).86,VLAN(80).87,VLAN(80).88,VLAN(80).89,VLAN(80).90,VLAN(80).91,VLAN(80).92,VLAN(80).93,VLAN(80).94,VLAN(80).45,VLAN(80).46,VLAN(80).48",false
"5461, 5470, 5471, 5475, 5484",allow,udp,Any,VLAN(24).157,"1777,1778","VLAN(16).64,VLAN(16).65,VLAN(16).66,VLAN(16).67,VLAN(16).68,VLAN(16).69,VLAN(16).70,VLAN(16).71,VLAN(16).72,VLAN(16).73,VLAN(16).74,VLAN(16).75,VLAN(16).76,VLAN(16).77,VLAN(16).78,VLAN(16).79,VLAN(16).80,VLAN(16).81,VLAN(16).82,VLAN(16).83,VLAN(16).84,VLAN(16).85,VLAN(16).86,VLAN(16).87,VLAN(16).88,VLAN(16).89,VLAN(16).90,VLAN(16).91,VLAN(16).92,VLAN(16).93,VLAN(16).94,VLAN(16).48,VLAN(16).49,VLAN(16).50,VLAN(16).51,VLAN(16).52,VLAN(16).53,VLAN(16).54,VLAN(16).55,VLAN(16).56,VLAN(16).57,VLAN(16).58,VLAN(16).59,VLAN(16).60,VLAN(16).61,VLAN(16).62,VLAN(80).64,VLAN(80).64,VLAN(80).65,VLAN(80).66,VLAN(80).67,VLAN(80).68,VLAN(80).69,VLAN(80).70,VLAN(80).71,VLAN(80).72,VLAN(80).73,VLAN(80).74,VLAN(80).75,VLAN(80).76,VLAN(80).77,VLAN(80).78,VLAN(80).79,VLAN(80).80,VLAN(80).81,VLAN(80).82,VLAN(80).83,VLAN(80).84,VLAN(80).85,VLAN(80).86,VLAN(80).87,VLAN(80).88,VLAN(80).89,VLAN(80).90,VLAN(80).91,VLAN(80).92,VLAN(80).93,VLAN(80).94,VLAN(80).48,VLAN(80).49,VLAN(80).50,VLAN(80).51,VLAN(80).52,VLAN(80).53,VLAN(80).54,VLAN(80).55,VLAN(80).56,VLAN(80).57,VLAN(80).58,VLAN(80).59,VLAN(80).60,VLAN(80).61,VLAN(80).62",false
"5462, 5468, 5469, 5476, 5483",allow,tcp,Any,VLAN(24).157,"1777,1778","VLAN(16).64,VLAN(16).65,VLAN(16).66,VLAN(16).67,VLAN(16).68,VLAN(16).69,VLAN(16).70,VLAN(16).71,VLAN(16).72,VLAN(16).73,VLAN(16).74,VLAN(16).75,VLAN(16).76,VLAN(16).77,VLAN(16).78,VLAN(16).79,VLAN(16).80,VLAN(16).81,VLAN(16).82,VLAN(16).83,VLAN(16).84,VLAN(16).85,VLAN(16).86,VLAN(16).87,VLAN(16).88,VLAN(16).89,VLAN(16).90,VLAN(16).91,VLAN(16).92,VLAN(16).93,VLAN(16).94,VLAN(16).48,VLAN(16).49,VLAN(16).50,VLAN(16).51,VLAN(16).52,VLAN(16).53,VLAN(16).54,VLAN(16).55,VLAN(16).56,VLAN(16).57,VLAN(16).58,VLAN(16).59,VLAN(16).60,VLAN(16).61,VLAN(16).62,VLAN(80).64,VLAN(80).64,VLAN(80).65,VLAN(80).66,VLAN(80).67,VLAN(80).68,VLAN(80).69,VLAN(80).70,VLAN(80).71,VLAN(80).72,VLAN(80).73,VLAN(80).74,VLAN(80).75,VLAN(80).76,VLAN(80).77,VLAN(80).78,VLAN(80).79,VLAN(80).80,VLAN(80).81,VLAN(80).82,VLAN(80).83,VLAN(80).84,VLAN(80).85,VLAN(80).86,VLAN(80).87,VLAN(80).88,VLAN(80).89,VLAN(80).90,VLAN(80).91,VLAN(80).92,VLAN(80).93,VLAN(80).94,VLAN(80).48,VLAN(80).49,VLAN(80).50,VLAN(80).51,VLAN(80).52,VLAN(80).53,VLAN(80).54,VLAN(80).55,VLAN(80).56,VLAN(80).57,VLAN(80).58,VLAN(80).59,VLAN(80).60,VLAN(80).61,VLAN(80).62",false
5479,allow,tcp,Any,VLAN(24).157,1778,VLAN(80).45,false
"5486, 5487, 5488, 5489, 5726, 5727, 5728, 5729, 5730",allow,any,Any,VLAN(24).4,Any,"VLAN(80).48,VLAN(80).49,VLAN(80).50,VLAN(80).51,VLAN(80).52,VLAN(80).53,VLAN(80).54,VLAN(80).55,VLAN(80).56,VLAN(80).57,VLAN(80).58,VLAN(80).59,VLAN(80).60,VLAN(80).61,VLAN(80).62,VLAN(80).64,VLAN(80).200,VLAN(80).201,VLAN(80).202,VLAN(80).203,VLAN(80).204,VLAN(80).205,VLAN(80).206,VLAN(80).208,VLAN(80).209,VLAN(80).210,VLAN(80).211,VLAN(80).212,VLAN(80).213,VLAN(80).214,VLAN(80).215,VLAN(80).216,VLAN(80).217,VLAN(80).218,VLAN(80).219,VLAN(80).220,VLAN(80).221,VLAN(80).222,VLAN(16).50,VLAN(16).52,VLAN(16).53,VLAN(16).54,VLAN(16).56,VLAN(16).57,VLAN(16).58,VLAN(16).200,VLAN(16).201,VLAN(16).202,VLAN(16).203,VLAN(16).204,VLAN(16).205,VLAN(16).206,VLAN(16).208,VLAN(16).209,VLAN(16).210,VLAN(16).211,VLAN(16).212,VLAN(16).213,VLAN(16).214,VLAN(16).215,VLAN(16).216,VLAN(16).217,VLAN(16).218,VLAN(16).219,VLAN(16).220,VLAN(16).221,VLAN(16).222,VLAN(80).223,VLAN(80).224,VLAN(80).225,VLAN(80).226,VLAN(80).227,VLAN(80).228,VLAN(80).229,VLAN(80).230,VLAN(80).231,VLAN(80).232,VLAN(80).233,VLAN(80).234,VLAN(80).235,VLAN(80).236,VLAN(80).237,VLAN(80).238,VLAN(80).239",false
"5505, 5506",allow,tcp,Any,VLAN(24).157,"3466,445",VLAN(19).46,false
5510,allow,tcp,Any,VLAN(24).70,9100,"VLAN(19).16,VLAN(19).17,VLAN(19).18",false
"5512, 5513",allow,udp,Any,VLAN(24).157,"9300,9340",VLAN(95).*,false
5602,allow,tcp,Any,VLAN(24).132,21,VLAN(7).25,false
"5617, 6051, 6052",allow,tcp,Any,VLAN(24).157,Any,VLAN(19).8,false
"5693, 5694",allow,tcp,Any,VLAN(24).9,1442,"VLAN(7).7,VLAN(7).8,VLAN(7).9,VLAN(7).10,VLAN(7).11,VLAN(7).12,VLAN(7).13,VLAN(7).14",false
"5732, 5733",allow,tcp,Any,"VLAN(24).5,VLAN(24).6",8001,VLAN(70).*,false
"5774, 5775, 5776, 5777",allow,tcp,Any,"VLAN(24).9,VLAN(24).34,VLAN(24).36,VLAN(24).37,VLAN(24).38,VLAN(24).68",1010,VLAN(7).24,false
"5847, 5848, 5851",allow,tcp,Any,VLAN(24).23,18888,"VLAN(7).24,VLAN(24).132,VLAN(70).56",false
"5849, 5850",allow,tcp,Any,"VLAN(24).9,VLAN(24).36",18888,VLAN(7).24,false
"5901, 6054",allow,tcp,Any,"VLAN(24).89,VLAN(24).21",139,VLAN(19).8,false
"5902, 5903",allow,udp,Any,"VLAN(24).12,VLAN(24).10",Any,VLAN(19).8,false
"5925, 5926",allow,tcp,Any,VLAN(24).23,515,"VLAN(7).15,VLAN(7).16,VLAN(7).17,VLAN(7).18",false
"5927, 6039, 6172, 6703, 6706",allow,tcp,Any,VLAN(24).23,22,"VLAN(7).*,VLAN(70).*,VLAN(70).62,VLAN(70).33",false
5944,allow,tcp,Any,VLAN(24).31,9100,VLAN(19).28,false
5950,allow,tcp,Any,VLAN(24).33,8080,10.218.192.162/32,false
5951,allow,tcp,Any,VLAN(24).4,8630,10.218.192.162/32,false
"5953, 5954, 5955, 5956",allow,tcp,Any,VLAN(24).4,"1025,1026,1027","VLAN(16).214,VLAN(16).216,VLAN(16).217,VLAN(16).218,VLAN(16).219,VLAN(16).220,VLAN(16).221,VLAN(16).222,VLAN(16).224,VLAN(16).225,VLAN(16).226,VLAN(16).227,VLAN(16).228,VLAN(16).229,VLAN(16).230,VLAN(80).232,VLAN(80).233,VLAN(80).234,VLAN(80).223",false
"5957, 5958, 5959, 5960, 5961, 5962, 5963, 5964, 5965, 5966, 5967, 5968, 5969, 5970, 5971",allow,tcp,Any,VLAN(24).4,"20,5120,8080,1025,1026,1240,1241,1242,1243,1244,1245","VLAN(80).200,VLAN(80).201,VLAN(80).202,VLAN(80).203,VLAN(80).204,VLAN(80).205,VLAN(80).206,VLAN(80).208,VLAN(80).209,VLAN(80).210,VLAN(80).211,VLAN(80).212,VLAN(80).213,VLAN(80).214,VLAN(80).215,VLAN(80).216,VLAN(80).217,VLAN(80).218,VLAN(80).219,VLAN(80).220,VLAN(80).221,VLAN(80).222,VLAN(80).224,VLAN(80).225,VLAN(80).226,VLAN(80).227,VLAN(80).228,VLAN(80).229,VLAN(80).230,VLAN(80).231,VLAN(80).232,VLAN(80).233,VLAN(80).234,VLAN(80).235,VLAN(80).236,VLAN(80).237,VLAN(80).238,VLAN(80).223",false
5985,allow,tcp,Any,"VLAN(24).4,VLAN(24).5,VLAN(24).6",8001,VLAN(7).30,false
5986,allow,tcp,Any,VLAN(24).22,22,VLAN(7).30,false
"5987, 5988, 5989",allow,tcp,Any,"VLAN(24).1,VLAN(24).2,VLAN(24).3,VLAN(24).4,VLAN(24).5,VLAN(24).6,VLAN(24).7,VLAN(24).8,VLAN(24).9,VLAN(24).10,VLAN(24).11,VLAN(24).12,VLAN(24).13,VLAN(24).14,VLAN(24).15,VLAN(24).16,VLAN(24).17,VLAN(24).18,VLAN(24).19,VLAN(24).20,VLAN(24).21,VLAN(24).22,VLAN(24).23,VLAN(24).24,VLAN(24).25,VLAN(24).26,VLAN(24).27,VLAN(24).28,VLAN(24).29,VLAN(24).30,VLAN(24).31,VLAN(24).32,VLAN(24).33,VLAN(24).34,VLAN(24).35,VLAN(24).36,VLAN(24).37,VLAN(24).38,VLAN(24).39,VLAN(24).40,VLAN(24).41,VLAN(24).42,VLAN(24).43,VLAN(24).44,VLAN(24).45,VLAN(24).46,VLAN(24).47,VLAN(24).48,VLAN(24).49,VLAN(24).50,VLAN(24).51,VLAN(24).52,VLAN(24).53,VLAN(24).54,VLAN(24).55,VLAN(24).56,VLAN(24).57,VLAN(24).58,VLAN(24).59,VLAN(24).60,VLAN(24).61,VLAN(24).62,VLAN(24).63,VLAN(24).64,VLAN(24).65,VLAN(24).66,VLAN(24).67,VLAN(24).68,VLAN(24).69,VLAN(24).70,VLAN(24).71,VLAN(24).72,VLAN(24).73,VLAN(24).74,VLAN(24).75,VLAN(24).76,VLAN(24).77,VLAN(24).78,VLAN(24).79,VLAN(24).80,VLAN(24).81,VLAN(24).82,VLAN(24).83,VLAN(24).84,VLAN(24).85,VLAN(24).86,VLAN(24).87,VLAN(24).88,VLAN(24).89,VLAN(24).90,VLAN(24).91,VLAN(24).92,VLAN(24).93,VLAN(24).94,VLAN(24).95,VLAN(24).96,VLAN(24).97,VLAN(24).98,VLAN(24).99,VLAN(24).100,VLAN(24).101,VLAN(24).102,VLAN(24).103,VLAN(24).104,VLAN(24).105,VLAN(24).106,VLAN(24).107,VLAN(24).108,VLAN(24).109,VLAN(24).110,VLAN(24).111,VLAN(24).112,VLAN(24).113,VLAN(24).114,VLAN(24).115,VLAN(24).116,VLAN(24).117,VLAN(24).118,VLAN(24).119,VLAN(24).120,VLAN(24).121,VLAN(24).122,VLAN(24).123,VLAN(24).124,VLAN(24).125,VLAN(24).126","445,135,136,137,138,139,1433,1434",VLAN(7).*,false
"5990, 5991",allow,tcp,Any,"VLAN(24).9,VLAN(24).36",3000-3300,VLAN(7).*,false
"5992, 5993, 5994, 5995",allow,tcp,Any,"VLAN(24).1,VLAN(24).2,VLAN(24).3,VLAN(24).4,VLAN(24).5,VLAN(24).6,VLAN(24).7,VLAN(24).8,VLAN(24).9,VLAN(24).10,VLAN(24).11,VLAN(24).12,VLAN(24).13,VLAN(24).14,VLAN(24).15,VLAN(24).16,VLAN(24).17,VLAN(24).18,VLAN(24).19,VLAN(24).20,VLAN(24).21,VLAN(24).22,VLAN(24).23,VLAN(24).24,VLAN(24).25,VLAN(24).26,VLAN(24).27,VLAN(24).28,VLAN(24).29,VLAN(24).30,VLAN(24).31,VLAN(24).32,VLAN(24).33,VLAN(24).34,VLAN(24).35,VLAN(24).36,VLAN(24).37,VLAN(24).38,VLAN(24).39,VLAN(24).40,VLAN(24).41,VLAN(24).42,VLAN(24).43,VLAN(24).44,VLAN(24).45,VLAN(24).46,VLAN(24).47,VLAN(24).48,VLAN(24).49,VLAN(24).50,VLAN(24).51,VLAN(24).52,VLAN(24).53,VLAN(24).54,VLAN(24).55,VLAN(24).56,VLAN(24).57,VLAN(24).58,VLAN(24).59,VLAN(24).60,VLAN(24).61,VLAN(24).62,VLAN(24).63,VLAN(24).64,VLAN(24).65,VLAN(24).66,VLAN(24).67,VLAN(24).68,VLAN(24).69,VLAN(24).70,VLAN(24).71,VLAN(24).72,VLAN(24).73,VLAN(24).74,VLAN(24).75,VLAN(24).76,VLAN(24).77,VLAN(24).78,VLAN(24).79,VLAN(24).80,VLAN(24).81,VLAN(24).82,VLAN(24).83,VLAN(24).84,VLAN(24).85,VLAN(24).86,VLAN(24).87,VLAN(24).88,VLAN(24).89,VLAN(24).90,VLAN(24).91,VLAN(24).92,VLAN(24).93,VLAN(24).94,VLAN(24).95,VLAN(24).96,VLAN(24).97,VLAN(24).98,VLAN(24).99,VLAN(24).100,VLAN(24).101,VLAN(24).102,VLAN(24).103,VLAN(24).104,VLAN(24).105,VLAN(24).106,VLAN(24).107,VLAN(24).108,VLAN(24).109,VLAN(24).110,VLAN(24).111,VLAN(24).112,VLAN(24).113,VLAN(24).114,VLAN(24).115,VLAN(24).116,VLAN(24).117,VLAN(24).118,VLAN(24).119,VLAN(24).120,VLAN(24).121,VLAN(24).122,VLAN(24).123,VLAN(24).124,VLAN(24).125,VLAN(24).126","445,135,136,137,138,139,1433,1434",VLAN(70).*,false
"5992, 5993, 5994, 5995",allow,tcp,Any,"VLAN(24).1,VLAN(24).2,VLAN(24).3,VLAN(24).4,VLAN(24).5,VLAN(24).6,VLAN(24).7,VLAN(24).8,VLAN(24).9,VLAN(24).10,VLAN(24).11,VLAN(24).12,VLAN(24).13,VLAN(24).14,VLAN(24).15,VLAN(24).16,VLAN(24).17,VLAN(24).18,VLAN(24).19,VLAN(24).20,VLAN(24).21,VLAN(24).22,VLAN(24).23,VLAN(24).24,VLAN(24).25,VLAN(24).26,VLAN(24).27,VLAN(24).28,VLAN(24).29,VLAN(24).30,VLAN(24).31,VLAN(24).32,VLAN(24).33,VLAN(24).34,VLAN(24).35,VLAN(24).36,VLAN(24).37,VLAN(24).38,VLAN(24).39,VLAN(24).40,VLAN(24).41,VLAN(24).42,VLAN(24).43,VLAN(24).44,VLAN(24).45,VLAN(24).46,VLAN(24).47,VLAN(24).48,VLAN(24).49,VLAN(24).50,VLAN(24).51,VLAN(24).52,VLAN(24).53,VLAN(24).54,VLAN(24).55,VLAN(24).56,VLAN(24).57,VLAN(24).58,VLAN(24).59,VLAN(24).60,VLAN(24).61,VLAN(24).62,VLAN(24).63,VLAN(24).64,VLAN(24).65,VLAN(24).66,VLAN(24).67,VLAN(24).68,VLAN(24).69,VLAN(24).70,VLAN(24).71,VLAN(24).72,VLAN(24).73,VLAN(24).74,VLAN(24).75,VLAN(24).76,VLAN(24).77,VLAN(24).78,VLAN(24).79,VLAN(24).80,VLAN(24).81,VLAN(24).82,VLAN(24).83,VLAN(24).84,VLAN(24).85,VLAN(24).86,VLAN(24).87,VLAN(24).88,VLAN(24).89,VLAN(24).90,VLAN(24).91,VLAN(24).92,VLAN(24).93,VLAN(24).94,VLAN(24).95,VLAN(24).96,VLAN(24).97,VLAN(24).98,VLAN(24).99,VLAN(24).100,VLAN(24).101,VLAN(24).102,VLAN(24).103,VLAN(24).104,VLAN(24).105,VLAN(24).106,VLAN(24).107,VLAN(24).108,VLAN(24).109,VLAN(24).110,VLAN(24).111,VLAN(24).112,VLAN(24).113,VLAN(24).114,VLAN(24).115,VLAN(24).116,VLAN(24).117,VLAN(24).118,VLAN(24).119,VLAN(24).120,VLAN(24).121,VLAN(24).122,VLAN(24).123,VLAN(24).124,VLAN(24).125,VLAN(24).126",3000-3300,VLAN(70).*,false
6002,allow,tcp,Any,VLAN(24).*,Any,"VLAN(7).24,VLAN(7).25,VLAN(7).26,VLAN(7).27,VLAN(7).28,VLAN(7).29,VLAN(7).30",false
6003,allow,udp,Any,VLAN(24).*,Any,"VLAN(7).24,VLAN(7).25,VLAN(7).26,VLAN(7).27,VLAN(7).28,VLAN(7).29,VLAN(7).30",false
"6005, 6006, 6007, 6008, 6009, 6010, 6011, 6012",allow,tcp,Any,"VLAN(24).157,VLAN(24).21",445,"VLAN(19).95,VLAN(19).96,VLAN(19).240,VLAN(19).241,VLAN(19).242,VLAN(19).243,VLAN(19).244,VLAN(19).245,VLAN(19).246,VLAN(19).248",false
"6035, 6036, 6037, 6038, 6041, 6042, 6043, 6044, 6047, 6048, 6049, 6050",allow,tcp,Any,"VLAN(24).157,VLAN(24).21","139,445","VLAN(70).*,VLAN(19).194,VLAN(19).32",false
"6045, 6046",allow,tcp,Any,"VLAN(24).5,VLAN(24).6",8090,VLAN(19).194,false
"6053, 6057, 6062, 6066, 6070, 6297",allow,tcp,Any,VLAN(24).21,445,"VLAN(19).8,VLAN(19).51,VLAN(19).158,VLAN(19).33,VLAN(19).30,VLAN(19).20",false
"6055, 6056, 6060, 6061, 6064, 6065, 6068, 6069",allow,tcp,Any,VLAN(24).157,"445,139","VLAN(19).51,VLAN(19).158,VLAN(19).33,VLAN(19).30",false
"6058, 6063, 6067, 6071",allow,tcp,Any,VLAN(24).21,139,"VLAN(19).51,VLAN(19).158,VLAN(19).33,VLAN(19).30",false
"6087, 6088",allow,tcp,Any,VLAN(24).157,Any,"VLAN(19).79,VLAN(19).64",false
6173,allow,tcp,Any,VLAN(24).23,58081-58443,VLAN(70).62,false
"6238, 6239",allow,tcp,Any,VLAN(19).79,58443,"VLAN(70).19,VLAN(70).62",false
"6243, 6244, 6246, 6248",allow,tcp,Any,"VLAN(24).128,VLAN(24).129,VLAN(24).130,VLAN(24).131",58443,VLAN(70).62,false
"6245, 6247, 6249, 6254, 6255, 6389",allow,tcp,Any,"VLAN(24).129,VLAN(24).130,VLAN(24).131,VLAN(24).5,VLAN(24).6,VLAN(24).128",58081,VLAN(70).62,false
6251,allow,tcp,Any,VLAN(24).70,1417,VLAN(24).50,false
6252,allow,tcp,Any,VLAN(24).50,1417,VLAN(24).70,false
6257,allow,tcp,Any,VLAN(24).4,1025,"VLAN(24).200,VLAN(24).201,VLAN(24).202,VLAN(24).203,VLAN(24).204,VLAN(24).205,VLAN(24).206",false
"6290, 6291, 6495, 6496",allow,tcp,Any,VLAN(24).157,"3464,3466","VLAN(19).238,VLAN(19).35",false
"6293, 6294, 6295, 6296",allow,tcp,Any,VLAN(24).157,"139,445,3461,3466",VLAN(19).20,false
6298,allow,tcp,Any,VLAN(24).21,9100,VLAN(19).20,false
"6309, 6311",allow,tcp,Any,"VLAN(24).4,VLAN(24).5",445,VLAN(19).20,false
6310,allow,tcp,Any,VLAN(24).5,22,VLAN(19).20,false
6314,allow,tcp,Any,VLAN(24).23,58443,VLAN(70).61,false
6327,allow,udp,Any,VLAN(24).39,623,VLAN(85).12,false
6328,allow,udp,Any,VLAN(24).40,623,VLAN(85).11,false
"6441, 6625, 6626, 6648",allow,tcp,Any,VLAN(24).33,22,"VLAN(70).62,VLAN(70).*,VLAN(85).*,VLAN(85).15",false
"6497, 6498",allow,udp,Any,VLAN(24).157,"3464,3466",VLAN(19).35,false
"6557, 6558, 6559, 6560",allow,tcp,Any,"VLAN(24).5,VLAN(24).6,VLAN(24).155,VLAN(24).156",515,VLAN(95).18,false
"6600, 6601, 6602, 6603, 6604, 6605, 6606, 6607, 6608, 6609, 6610, 6611, 6612, 6613, 6614, 6615, 6616, 6617, 6618, 6619, 6620, 6621, 6622, 6623",allow,tcp,Any,"VLAN(24).151,VLAN(24).152,VLAN(24).153,VLAN(24).154,VLAN(24).193,VLAN(24).194,VLAN(24).195,VLAN(24).196,VLAN(24).197,VLAN(24).198,VLAN(24).116,VLAN(24).117,VLAN(24).118,VLAN(24).120","5672,15672",VLAN(19).194,false
"6694, 6696",allow,tcp,Any,VLAN(24).157,"3464,3465,3466","VLAN(19).53,VLAN(19).54",false
"6695, 6697",allow,udp,Any,VLAN(24).157,"3464,3465,3466","VLAN(19).53,VLAN(19).54",false
"6763, 6764",allow,tcp,Any,VLAN(35).*,"22,80",VLAN(60).3,false
"7324, 7325",allow,tcp,Any,VLAN(60).3,"80,22",VLAN(35).*,false
"7390, 7391, 7392, 7393, 7394, 8012, 8096, 8098, 8101",allow,tcp,Any,VLAN(70).19,58081,"VLAN(19).79,VLAN(24).124,VLAN(19).124,VLAN(24).5,VLAN(24).6,VLAN(24).23,VLAN(35).5,VLAN(35).6,VLAN(7).1,VLAN(7).2,VLAN(7).3,VLAN(7).4,VLAN(7).5,VLAN(7).6,VLAN(7).7,VLAN(7).8,VLAN(7).9,VLAN(7).10,VLAN(7).11,VLAN(7).12,VLAN(7).13,VLAN(7).14",false
"7398, 7399",allow,tcp,Any,VLAN(70).19,58081-58443,"VLAN(7).7,VLAN(6).19",false
"7400, 7531, 8023, 8024",allow,tcp,Any,"VLAN(70).19,VLAN(70).62,VLAN(6).19,VLAN(7).30",22,VLAN(19).79,false
"7412, 7413, 7718, 7719",allow,tcp,Any,"VLAN(70).19,VLAN(70).61",80,"VLAN(24).39,VLAN(24).40",false
7482,allow,tcp,Any,VLAN(70).62,1417,VLAN(24).50,false
"7485, 7486, 7490, 7491, 7518, 7519, 7841, 7842",allow,tcp,Any,VLAN(70).62,"22,111,2049,80","VLAN(24).39,VLAN(24).40",false
"7487, 7489, 7492, 7494",allow,udp,Any,VLAN(70).62,"111,2049","VLAN(24).39,VLAN(24).40",false
"7488, 7493",allow,tcp,Any,VLAN(75).1,2049,"VLAN(24).39,VLAN(24).40",false
"7505, 7674, 7675, 7745",allow,tcp,Any,VLAN(70).*,445,"VLAN(19).8,VLAN(24).21,VLAN(24).1,VLAN(24).2,VLAN(24).3,VLAN(24).4,VLAN(24).5,VLAN(24).6,VLAN(24).7,VLAN(24).8,VLAN(24).9,VLAN(24).10,VLAN(24).11,VLAN(24).12,VLAN(24).13,VLAN(24).14,VLAN(24).15,VLAN(24).16,VLAN(24).17,VLAN(24).18,VLAN(24).19,VLAN(24).20,VLAN(24).21,VLAN(24).22,VLAN(24).23,VLAN(24).24,VLAN(24).25,VLAN(24).26,VLAN(24).27,VLAN(24).28,VLAN(24).29,VLAN(24).30,VLAN(24).31,VLAN(24).32,VLAN(24).33,VLAN(24).34,VLAN(24).35,VLAN(24).36,VLAN(24).37,VLAN(24).38,VLAN(24).39,VLAN(24).40,VLAN(24).41,VLAN(24).42,VLAN(24).43,VLAN(24).44,VLAN(24).45,VLAN(24).46,VLAN(24).47,VLAN(24).48,VLAN(24).49,VLAN(24).50,VLAN(24).51,VLAN(24).52,VLAN(24).53,VLAN(24).54,VLAN(24).55,VLAN(24).56,VLAN(24).57,VLAN(24).58,VLAN(24).59,VLAN(24).60,VLAN(24).61,VLAN(24).62,VLAN(24).63,VLAN(24).64,VLAN(24).65,VLAN(24).66,VLAN(24).67,VLAN(24).68,VLAN(24).69,VLAN(24).70,VLAN(24).71,VLAN(24).72,VLAN(24).73,VLAN(24).74,VLAN(24).75,VLAN(24).76,VLAN(24).77,VLAN(24).78,VLAN(24).79,VLAN(24).80,VLAN(24).81,VLAN(24).82,VLAN(24).83,VLAN(24).84,VLAN(24).85,VLAN(24).86,VLAN(24).87,VLAN(24).88,VLAN(24).89,VLAN(24).90,VLAN(24).91,VLAN(24).92,VLAN(24).93,VLAN(24).94,VLAN(24).95,VLAN(24).96,VLAN(24).97,VLAN(24).98,VLAN(24).99,VLAN(24).100,VLAN(24).101,VLAN(24).102,VLAN(24).103,VLAN(24).104,VLAN(24).105,VLAN(24).106,VLAN(24).107,VLAN(24).108,VLAN(24).109,VLAN(24).110,VLAN(24).111,VLAN(24).112,VLAN(24).113,VLAN(24).114,VLAN(24).115,VLAN(24).116,VLAN(24).117,VLAN(24).118,VLAN(24).119,VLAN(24).120,VLAN(24).121,VLAN(24).122,VLAN(24).123,VLAN(24).124,VLAN(24).125,VLAN(24).126,VLAN(7).*",false
7506,allow,udp,Any,VLAN(70).*,445,VLAN(19).8,false
"7512, 7960, 8013",allow,tcp,Any,VLAN(70).62,"5390,22,58081",VLAN(24).23,false
"7530, 7912",allow,tcp,Any,VLAN(70).62,58081-58443,"VLAN(19).79,VLAN(7).7",false
"7553, 8094",allow,tcp,Any,VLAN(70).62,"58019,22",VLAN(35).23,false
7581,allow,any,Any,VLAN(70).*,Any,VLAN(24).23,false
"7635, 7636, 7797",allow,tcp,Any,VLAN(70).*,9100,"VLAN(24).10,VLAN(24).40,VLAN(24).41,VLAN(24).42,VLAN(24).43,VLAN(24).44,VLAN(24).45,VLAN(24).46,VLAN(95).*",false
"7637, 7638",allow,udp,Any,VLAN(70).*,161,"VLAN(24).10,VLAN(24).40,VLAN(24).41,VLAN(24).42,VLAN(24).43,VLAN(24).44,VLAN(24).45,VLAN(24).46",false
"7641, 7642, 7643, 7644, 7645, 7646",allow,tcp,Any,VLAN(70).57,"52072,1433,8310,8311","VLAN(24).195,VLAN(24).132",false
"7661, 7757",allow,tcp,Any,VLAN(70).*,22,"VLAN(24).23,VLAN(7).29",false
7664,allow,tcp,Any,VLAN(70).44,139-445,VLAN(24).9,false
"7666, 7667, 7693",allow,tcp,Any,"VLAN(70).36,VLAN(70).37,VLAN(70).38,VLAN(70).40,VLAN(70).41,VLAN(70).42,VLAN(70).*",Any,VLAN(24).157,false
"7669, 7682",allow,tcp,Any,VLAN(70).*,135-445,"VLAN(24).157,VLAN(19).21",false
7673,allow,tcp,Any,VLAN(70).*,139,VLAN(24).21,false
"7676, 7677, 7678",allow,tcp,Any,VLAN(70).*,"135,136,137,138,139,1433,1434","VLAN(24).1,VLAN(24).2,VLAN(24).3,VLAN(24).4,VLAN(24).5,VLAN(24).6,VLAN(24).7,VLAN(24).8,VLAN(24).9,VLAN(24).10,VLAN(24).11,VLAN(24).12,VLAN(24).13,VLAN(24).14,VLAN(24).15,VLAN(24).16,VLAN(24).17,VLAN(24).18,VLAN(24).19,VLAN(24).20,VLAN(24).21,VLAN(24).22,VLAN(24).23,VLAN(24).24,VLAN(24).25,VLAN(24).26,VLAN(24).27,VLAN(24).28,VLAN(24).29,VLAN(24).30,VLAN(24).31,VLAN(24).32,VLAN(24).33,VLAN(24).34,VLAN(24).35,VLAN(24).36,VLAN(24).37,VLAN(24).38,VLAN(24).39,VLAN(24).40,VLAN(24).41,VLAN(24).42,VLAN(24).43,VLAN(24).44,VLAN(24).45,VLAN(24).46,VLAN(24).47,VLAN(24).48,VLAN(24).49,VLAN(24).50,VLAN(24).51,VLAN(24).52,VLAN(24).53,VLAN(24).54,VLAN(24).55,VLAN(24).56,VLAN(24).57,VLAN(24).58,VLAN(24).59,VLAN(24).60,VLAN(24).61,VLAN(24).62,VLAN(24).63,VLAN(24).64,VLAN(24).65,VLAN(24).66,VLAN(24).67,VLAN(24).68,VLAN(24).69,VLAN(24).70,VLAN(24).71,VLAN(24).72,VLAN(24).73,VLAN(24).74,VLAN(24).75,VLAN(24).76,VLAN(24).77,VLAN(24).78,VLAN(24).79,VLAN(24).80,VLAN(24).81,VLAN(24).82,VLAN(24).83,VLAN(24).84,VLAN(24).85,VLAN(24).86,VLAN(24).87,VLAN(24).88,VLAN(24).89,VLAN(24).90,VLAN(24).91,VLAN(24).92,VLAN(24).93,VLAN(24).94,VLAN(24).95,VLAN(24).96,VLAN(24).97,VLAN(24).98,VLAN(24).99,VLAN(24).100,VLAN(24).101,VLAN(24).102,VLAN(24).103,VLAN(24).104,VLAN(24).105,VLAN(24).106,VLAN(24).107,VLAN(24).108,VLAN(24).109,VLAN(24).110,VLAN(24).111,VLAN(24).112,VLAN(24).113,VLAN(24).114,VLAN(24).115,VLAN(24).116,VLAN(24).117,VLAN(24).118,VLAN(24).119,VLAN(24).120,VLAN(24).121,VLAN(24).122,VLAN(24).123,VLAN(24).124,VLAN(24).125,VLAN(24).126",false
"7676, 7677, 7678",allow,tcp,Any,VLAN(70).*,3000-3300,"VLAN(24).1,VLAN(24).2,VLAN(24).3,VLAN(24).4,VLAN(24).5,VLAN(24).6,VLAN(24).7,VLAN(24).8,VLAN(24).9,VLAN(24).10,VLAN(24).11,VLAN(24).12,VLAN(24).13,VLAN(24).14,VLAN(24).15,VLAN(24).16,VLAN(24).17,VLAN(24).18,VLAN(24).19,VLAN(24).20,VLAN(24).21,VLAN(24).22,VLAN(24).23,VLAN(24).24,VLAN(24).25,VLAN(24).26,VLAN(24).27,VLAN(24).28,VLAN(24).29,VLAN(24).30,VLAN(24).31,VLAN(24).32,VLAN(24).33,VLAN(24).34,VLAN(24).35,VLAN(24).36,VLAN(24).37,VLAN(24).38,VLAN(24).39,VLAN(24).40,VLAN(24).41,VLAN(24).42,VLAN(24).43,VLAN(24).44,VLAN(24).45,VLAN(24).46,VLAN(24).47,VLAN(24).48,VLAN(24).49,VLAN(24).50,VLAN(24).51,VLAN(24).52,VLAN(24).53,VLAN(24).54,VLAN(24).55,VLAN(24).56,VLAN(24).57,VLAN(24).58,VLAN(24).59,VLAN(24).60,VLAN(24).61,VLAN(24).62,VLAN(24).63,VLAN(24).64,VLAN(24).65,VLAN(24).66,VLAN(24).67,VLAN(24).68,VLAN(24).69,VLAN(24).70,VLAN(24).71,VLAN(24).72,VLAN(24).73,VLAN(24).74,VLAN(24).75,VLAN(24).76,VLAN(24).77,VLAN(24).78,VLAN(24).79,VLAN(24).80,VLAN(24).81,VLAN(24).82,VLAN(24).83,VLAN(24).84,VLAN(24).85,VLAN(24).86,VLAN(24).87,VLAN(24).88,VLAN(24).89,VLAN(24).90,VLAN(24).91,VLAN(24).92,VLAN(24).93,VLAN(24).94,VLAN(24).95,VLAN(24).96,VLAN(24).97,VLAN(24).98,VLAN(24).99,VLAN(24).100,VLAN(24).101,VLAN(24).102,VLAN(24).103,VLAN(24).104,VLAN(24).105,VLAN(24).106,VLAN(24).107,VLAN(24).108,VLAN(24).109,VLAN(24).110,VLAN(24).111,VLAN(24).112,VLAN(24).113,VLAN(24).114,VLAN(24).115,VLAN(24).116,VLAN(24).117,VLAN(24).118,VLAN(24).119,VLAN(24).120,VLAN(24).121,VLAN(24).122,VLAN(24).123,VLAN(24).124,VLAN(24).125,VLAN(24).126",false
"7679, 7680, 7748",allow,tcp,Any,VLAN(70).*,3000-3300,"VLAN(24).9,VLAN(24).36,VLAN(7).*",false
"7684, 7685",allow,tcp,Any,VLAN(7).30,7025,"VLAN(24).11,VLAN(24).40,VLAN(24).41,VLAN(24).42,VLAN(24).43,VLAN(24).44,VLAN(24).45,VLAN(24).46",false
"7702, 7703",allow,tcp,Any,VLAN(70).*,1442,"VLAN(7).7,VLAN(7).8,VLAN(7).9,VLAN(7).10,VLAN(7).11,VLAN(7).12,VLAN(7).13,VLAN(7).14",false
"7711, 8350",allow,tcp,Any,"VLAN(70).*,VLAN(70).33",1010,VLAN(7).24,false
7714,allow,tcp,Any,"VLAN(70).1,VLAN(70).2",18888,VLAN(7).24,false
"7729, 7730",allow,tcp,Any,VLAN(70).61,1111,"VLAN(24).22,VLAN(24).23",false
"7746, 7747",allow,tcp,Any,VLAN(70).*,"135,136,137,138,139,1433,1434",VLAN(7).*,false
"7761, 7762",allow,tcp,Any,VLAN(70).*,8001,"VLAN(24).5,VLAN(24).6",false
"7764, 7765, 7766",allow,tcp,Any,"VLAN(70).1,VLAN(70).2,VLAN(70).3,VLAN(70).4,VLAN(70).5,VLAN(70).6,VLAN(70).7,VLAN(70).8,VLAN(70).9,VLAN(70).10,VLAN(70).11,VLAN(70).12,VLAN(70).13,VLAN(70).14,VLAN(70).32,VLAN(70).33,VLAN(70).34,VLAN(70).35,VLAN(70).36,VLAN(70).37,VLAN(70).38,VLAN(70).39,VLAN(70).40,VLAN(70).41,VLAN(70).42,VLAN(70).43,VLAN(70).44,VLAN(70).45,VLAN(70).46,VLAN(70).48,VLAN(70).49,VLAN(70).50,VLAN(70).51,VLAN(70).52,VLAN(70).53,VLAN(70).54","38310,38311,38312,38313,38314,38315,38316,38317,38318,38319,38320",VLAN(7).30,false
"7791, 7792, 7793, 7794, 7795, 7796",allow,tcp,Any,"VLAN(70).27,VLAN(70).28,VLAN(70).56,VLAN(70).57,VLAN(70).58,VLAN(70).59,VLAN(70).60,VLAN(70).61,VLAN(70).62","9100,515",VLAN(95).*,false
7798,allow,tcp,Any,VLAN(70).*,515,VLAN(95).*,false
"7800, 7801",allow,tcp,Any,VLAN(70).34,"38310,38311,38312,38313,38314,38315,38316,38317,38318,38319,38320","VLAN(7).1,VLAN(7).2,VLAN(7).3,VLAN(7).4,VLAN(7).5,VLAN(7).6,VLAN(7).7,VLAN(7).8,VLAN(7).9,VLAN(7).10,VLAN(7).11,VLAN(7).12,VLAN(7).13,VLAN(7).14,VLAN(7).16,VLAN(7).17,VLAN(7).18,VLAN(7).19,VLAN(7).20,VLAN(7).21,VLAN(7).22",false
7803,allow,tcp,Any,VLAN(70).31,7003,VLAN(24).23,false
"7813, 8219, 8220",allow,tcp,Any,VLAN(70).62,"5010,1500,58888",VLAN(7).24,false
"7870, 8301, 8302, add ssh RITM0177246 jbuenaventura jgapa00 02/02/2018",allow,tcp,Any,VLAN(70).62,"22,80,111,2049",VLAN(24).33,false
"7880, 7881, 7883, 7885, 8048, 8102, 8119",allow,tcp,Any,VLAN(70).62,58443,"VLAN(24).128,VLAN(24).129,VLAN(24).130,VLAN(24).131,VLAN(19).79,VLAN(7).1,VLAN(7).2,VLAN(7).3,VLAN(7).4,VLAN(7).5,VLAN(7).6,VLAN(7).7,VLAN(7).8,VLAN(7).9,VLAN(7).10,VLAN(7).11,VLAN(7).12,VLAN(7).13,VLAN(7).14,VLAN(7).7",false
"7882, 7884, 7886, 8003, 8008, 8009, 8095, 8097, 8100, 8118, 8260",allow,tcp,Any,VLAN(70).62,58081,"VLAN(24).129,VLAN(24).130,VLAN(24).131,VLAN(19).79,VLAN(24).5,VLAN(24).6,VLAN(35).5,VLAN(35).6,VLAN(7).1,VLAN(7).2,VLAN(7).3,VLAN(7).4,VLAN(7).5,VLAN(7).6,VLAN(7).7,VLAN(7).8,VLAN(7).9,VLAN(7).10,VLAN(7).11,VLAN(7).12,VLAN(7).13,VLAN(7).14,VLAN(7).7,VLAN(24).128",false
7913,allow,tcp,Any,VLAN(70).18,58081-58443,VLAN(7).7,false
"8001, 8002, 8004, 8005, 8006, 8007, 8010, 8011",allow,tcp,Any,"VLAN(19).79,VLAN(24).5,VLAN(24).6,VLAN(24).23",58081,"VLAN(70).19,VLAN(70).62",false
"8021, 8022",allow,tcp,Any,VLAN(19).79,22,"VLAN(6).19,VLAN(7).30",false
"8039, 8040, 8041, 8042",allow,tcp,Any,VLAN(19).79,"7003,8000,8001,8002,8003","VLAN(70).19,VLAN(70).62",false
"8043, 8044, 8045, 8046",allow,tcp,Any,"VLAN(70).19,VLAN(70).62","7003,8000,8001,8002,8003",VLAN(19).79,false
"8047, 8103",allow,tcp,Any,VLAN(70).19,58443,"VLAN(19).79,VLAN(7).1,VLAN(7).2,VLAN(7).3,VLAN(7).4,VLAN(7).5,VLAN(7).6,VLAN(7).7,VLAN(7).8,VLAN(7).9,VLAN(7).10,VLAN(7).11,VLAN(7).12,VLAN(7).13,VLAN(7).14",false
"8054, 8055",allow,tcp,Any,VLAN(24).23,22,"VLAN(70).19,VLAN(70).62",false
"8056, 8548, 8595",allow,tcp,Any,"VLAN(70).19,VLAN(70).33",22,VLAN(24).23,false
8110,allow,tcp,Any,VLAN(70).62,22,VLAN(60).19,false
"8208, 8209",allow,tcp,Any,VLAN(70).61,"58081,58443",VLAN(24).23,false
8461,allow,tcp,Any,VLAN(70).*,Any,VLAN(24).22,false
"8462, 8464, 8546, 8547, 8593, 8594",allow,tcp,Any,"VLAN(70).*,VLAN(70).33","111,2049",VLAN(24).33,false
"8463, 8465",allow,udp,Any,VLAN(70).*,"111,2049",VLAN(24).33,false
"8503, 8504, 8544, 8545, 8550, 8551, 8591, 8592",allow,tcp,Any,VLAN(70).33,"80,22,111,2049",VLAN(24).39,false
"8505, 8506, 8552, 8553",allow,tcp,Any,VLAN(70).33,80,"VLAN(24).40,VLAN(24).33",false
"8716, 8718, 8719, 8721, 8722, 8724",allow,tcp,Any,VLAN(79).*,"5060,2000",10.218.192.3/32,false
"8717, 8720, 8723",allow,udp,Any,VLAN(79).*,5060,10.218.192.3/32,false
"8900, 8901",deny,tcp,Any,VLAN(80).*,443,"VLAN(24).5,VLAN(24).6",true
"8902, 8903, 8904, 8905",deny,tcp,Any,"VLAN(80).48,VLAN(80).49,VLAN(80).50,VLAN(80).51,VLAN(80).52,VLAN(80).53,VLAN(80).54,VLAN(80).55,VLAN(80).56,VLAN(80).57,VLAN(80).58,VLAN(80).59,VLAN(80).60,VLAN(80).61,VLAN(80).62,VLAN(80).64",80,"VLAN(24).5,VLAN(24).6",true
"vlan80 CHG0137142 ssolo19 - 8908, 8909, 8914, 8915, 8916, 8917",allow,udp,Any,"VLAN(80).48,VLAN(80).49,VLAN(80).50,VLAN(80).51,VLAN(80).52,VLAN(80).53,VLAN(80).54,VLAN(80).55,VLAN(80).56,VLAN(80).57,VLAN(80).58,VLAN(80).59,VLAN(80).60,VLAN(80).61,VLAN(80).62,VLAN(80).64,VLAN(80).63,VLAN(80).65,VLAN(80).66,VLAN(80).67,VLAN(80).68,VLAN(80).69","10100,123",VLAN(24).4,false
"vlan80 CHG0137142 ssolo19 - 8908, 8909, 8914, 8915, 8916, 8917",allow,udp,Any,"VLAN(80).48,VLAN(80).49,VLAN(80).50,VLAN(80).51,VLAN(80).52,VLAN(80).53,VLAN(80).54,VLAN(80).55,VLAN(80).56,VLAN(80).57,VLAN(80).58,VLAN(80).59,VLAN(80).60,VLAN(80).61,VLAN(80).62,VLAN(80).64,VLAN(80).63,VLAN(80).65,VLAN(80).66,VLAN(80).67,VLAN(80).68,VLAN(80).69",30000-40000,VLAN(24).4,false
"vlan80 CHG0137142 ssolo19 - 8910, 8911, 8912, 8913, 8918, 8919, 8925, 8926",allow,tcp,Any,"VLAN(80).48,VLAN(80).49,VLAN(80).50,VLAN(80).51,VLAN(80).52,VLAN(80).53,VLAN(80).54,VLAN(80).55,VLAN(80).56,VLAN(80).57,VLAN(80).58,VLAN(80).59,VLAN(80).60,VLAN(80).61,VLAN(80).62,VLAN(80).64,VLAN(80).63,VLAN(80).65,VLAN(80).66,VLAN(80).67,VLAN(80).68,VLAN(80).69","9700,80,10100",VLAN(24).4,false
"vlan80 CHG0137142 ssolo19 - 8910, 8911, 8912, 8913, 8918, 8919, 8925, 8926",allow,tcp,Any,"VLAN(80).48,VLAN(80).49,VLAN(80).50,VLAN(80).51,VLAN(80).52,VLAN(80).53,VLAN(80).54,VLAN(80).55,VLAN(80).56,VLAN(80).57,VLAN(80).58,VLAN(80).59,VLAN(80).60,VLAN(80).61,VLAN(80).62,VLAN(80).64,VLAN(80).63,VLAN(80).65,VLAN(80).66,VLAN(80).67,VLAN(80).68,VLAN(80).69",30000-40000,VLAN(24).4,false
"vlan80 CHG0137142 ssolo19 11/30/17 - 8920, 8921",allow,tcp,Any,"VLAN(80).48,VLAN(80).49,VLAN(80).50,VLAN(80).51,VLAN(80).52,VLAN(80).53,VLAN(80).54,VLAN(80).55,VLAN(80).56,VLAN(80).57,VLAN(80).58,VLAN(80).59,VLAN(80).60,VLAN(80).61,VLAN(80).62,VLAN(80).64,VLAN(80).63,VLAN(80).65,VLAN(80).66,VLAN(80).67,VLAN(80).68,VLAN(80).69,VLAN(80).70,VLAN(80).71,VLAN(80).72,VLAN(80).73,VLAN(80).74,VLAN(80).75,VLAN(80).76,VLAN(80).77,VLAN(80).78,VLAN(80).79,VLAN(80).80,VLAN(80).81,VLAN(80).82,VLAN(80).83,VLAN(80).84,VLAN(80).85,VLAN(80).86,VLAN(80).87,VLAN(80).88,VLAN(80).89,VLAN(80).90,VLAN(80).91,VLAN(80).92,VLAN(80).93,VLAN(80).94,VLAN(80).95","1777,1778",VLAN(24).157,false
"vlan80 CHG0137142 ssolo19 11/30/17 - 8922, 8923, 8944",allow,udp,Any,"VLAN(80).48,VLAN(80).49,VLAN(80).50,VLAN(80).51,VLAN(80).52,VLAN(80).53,VLAN(80).54,VLAN(80).55,VLAN(80).56,VLAN(80).57,VLAN(80).58,VLAN(80).59,VLAN(80).60,VLAN(80).61,VLAN(80).62,VLAN(80).64,VLAN(80).65,VLAN(80).66,VLAN(80).67,VLAN(80).68,VLAN(80).69,VLAN(80).70,VLAN(80).71,VLAN(80).72,VLAN(80).73,VLAN(80).74,VLAN(80).75,VLAN(80).76,VLAN(80).77,VLAN(80).78,VLAN(80).79,VLAN(80).80,VLAN(80).81,VLAN(80).82,VLAN(80).83,VLAN(80).84,VLAN(80).85,VLAN(80).86,VLAN(80).87,VLAN(80).88,VLAN(80).89,VLAN(80).90,VLAN(80).91,VLAN(80).92,VLAN(80).93,VLAN(80).94,VLAN(80).63,VLAN(80).95","1777,1778",VLAN(24).157,false
"8928, 8929, 8930",allow,tcp,Any,"VLAN(80).200,VLAN(80).201,VLAN(80).202,VLAN(80).203,VLAN(80).204,VLAN(80).205,VLAN(80).206,VLAN(80).208,VLAN(80).209,VLAN(80).210,VLAN(80).211,VLAN(80).212,VLAN(80).213,VLAN(80).214,VLAN(80).215,VLAN(80).216,VLAN(80).217,VLAN(80).218,VLAN(80).219,VLAN(80).220,VLAN(80).221,VLAN(80).222,VLAN(80).224,VLAN(80).225,VLAN(80).226,VLAN(80).227,VLAN(80).228,VLAN(80).229,VLAN(80).230,VLAN(80).231,VLAN(80).232,VLAN(80).233,VLAN(80).234,VLAN(80).235,VLAN(80).236,VLAN(80).237,VLAN(80).238","1025,1026,1027",VLAN(24).4,false
"8932, 8933",allow,tcp,Any,"VLAN(80).71,VLAN(80).72",8080,10.218.192.162/32,false
"8934, 8935",allow,udp,Any,"VLAN(80).71,VLAN(80).72",123,10.218.192.162/32,false
"8936, 8937",allow,tcp,Any,"VLAN(80).64,VLAN(80).65,VLAN(80).66,VLAN(80).67,VLAN(80).68,VLAN(80).69,VLAN(80).70,VLAN(80).71,VLAN(80).72,VLAN(80).73,VLAN(80).74,VLAN(80).75,VLAN(80).76,VLAN(80).77,VLAN(80).78,VLAN(80).79,VLAN(80).80,VLAN(80).81,VLAN(80).82,VLAN(80).83,VLAN(80).84,VLAN(80).85,VLAN(80).86,VLAN(80).87,VLAN(80).88,VLAN(80).89,VLAN(80).90,VLAN(80).91,VLAN(80).92,VLAN(80).93,VLAN(80).94","80,443",VLAN(24).70,false
8938,allow,tcp,Any,"VLAN(80).64,VLAN(80).65,VLAN(80).66,VLAN(80).67,VLAN(80).68,VLAN(80).69,VLAN(80).70,VLAN(80).71,VLAN(80).72,VLAN(80).73,VLAN(80).74,VLAN(80).75,VLAN(80).76,VLAN(80).77,VLAN(80).78,VLAN(80).79,VLAN(80).80,VLAN(80).81,VLAN(80).82,VLAN(80).83,VLAN(80).84,VLAN(80).85,VLAN(80).86,VLAN(80).87,VLAN(80).88,VLAN(80).89,VLAN(80).90,VLAN(80).91,VLAN(80).92,VLAN(80).93,VLAN(80).94",80,VLAN(24).70,false
"8939, 8940, 8941, 8942, 8943",allow,tcp,Any,"VLAN(80).64,VLAN(80).65,VLAN(80).66,VLAN(80).67,VLAN(80).68,VLAN(80).69,VLAN(80).70,VLAN(80).71,VLAN(80).72,VLAN(80).73,VLAN(80).74,VLAN(80).75,VLAN(80).76,VLAN(80).77,VLAN(80).78,VLAN(80).79,VLAN(80).80,VLAN(80).81,VLAN(80).82,VLAN(80).83,VLAN(80).84,VLAN(80).85,VLAN(80).86,VLAN(80).87,VLAN(80).88,VLAN(80).89,VLAN(80).90,VLAN(80).91,VLAN(80).92,VLAN(80).93,VLAN(80).94","1777,1778,1779,1780,1781,1820,2001,5002",VLAN(24).157,false
"8939, 8940, 8941, 8942, 8943",allow,tcp,Any,"VLAN(80).64,VLAN(80).65,VLAN(80).66,VLAN(80).67,VLAN(80).68,VLAN(80).69,VLAN(80).70,VLAN(80).71,VLAN(80).72,VLAN(80).73,VLAN(80).74,VLAN(80).75,VLAN(80).76,VLAN(80).77,VLAN(80).78,VLAN(80).79,VLAN(80).80,VLAN(80).81,VLAN(80).82,VLAN(80).83,VLAN(80).84,VLAN(80).85,VLAN(80).86,VLAN(80).87,VLAN(80).88,VLAN(80).89,VLAN(80).90,VLAN(80).91,VLAN(80).92,VLAN(80).93,VLAN(80).94",7200-7226,VLAN(24).157,false
8945,allow,udp,Any,"VLAN(80).64,VLAN(80).65,VLAN(80).66,VLAN(80).67,VLAN(80).68,VLAN(80).69,VLAN(80).70,VLAN(80).71,VLAN(80).72,VLAN(80).73,VLAN(80).74,VLAN(80).75,VLAN(80).76,VLAN(80).77,VLAN(80).78,VLAN(80).79,VLAN(80).80,VLAN(80).81,VLAN(80).82,VLAN(80).83,VLAN(80).84,VLAN(80).85,VLAN(80).86,VLAN(80).87,VLAN(80).88,VLAN(80).89,VLAN(80).90,VLAN(80).91,VLAN(80).92,VLAN(80).93,VLAN(80).94","7212,7213,7214,7215,7216,7217,7218,7219",VLAN(24).157,false
"8978, 8979, 8980, 8981, 8982, 8983, 8984, 8985, 8986, 8987, 8988, 8989, 8990, 8991, 8992, 8993, 8994, 8995, 8996, 8997, 9001, 9002, 9003, 9004, 9005, 9006, 9007, 9008, 9009, 9010, 9011, 9012, 9013, 9014, 9015, 9016, 9017, 9018, 9019, 9020, 9021, 9022, 9023, 9024, 9025, 9026, 9027, 9028, 9029, 9030, 9031, 9032, 9033, 9034, 9035, 9036, 9037, 9038, 9039, 9040, 9041, 9042, 9043, 9044, 9045, 9046, 9047, 9048, 9049, 9050, 9051, 9052, 9053, 9054, 9055, 9056",allow,tcp,Any,"VLAN(80).50,VLAN(80).51,VLAN(80).52,VLAN(80).53,VLAN(80).54,VLAN(80).56,VLAN(80).57,VLAN(80).58,VLAN(80).59,VLAN(80).60,VLAN(80).61,VLAN(80).62,VLAN(80).63,VLAN(80).64,VLAN(80).65,VLAN(80).66,VLAN(80).67,VLAN(80).68,VLAN(80).69","80,10100,10110,9700",VLAN(24).10,false
"8998, 8999, 9000",allow,tcp,Any,VLAN(80).55,"80,10110,9700",VLAN(24).10,false
"9057, 9058, 9059, 9060, 9061, 9062, 9063, 9064, 9065, 9066, 9067, 9068, 9069, 9070, 9071, 9072, 9073, 9074, 9075, 9076, 9080, 9081, 9082, 9083, 9084, 9085, 9086, 9087, 9088, 9089, 9090, 9091, 9092, 9093, 9094, 9095, 9096, 9097, 9098, 9099, 9100, 9101, 9102, 9103, 9104, 9105, 9106, 9107, 9108, 9109, 9110, 9111, 9112, 9113, 9114, 9115, 9116, 9117, 9118, 9119, 9120, 9121, 9122, 9123, 9124, 9125, 9126, 9127, 9128, 9129, 9130, 9131, 9132, 9133, 9134, 9135",allow,udp,Any,"VLAN(80).50,VLAN(80).51,VLAN(80).52,VLAN(80).53,VLAN(80).54,VLAN(80).56,VLAN(80).57,VLAN(80).58,VLAN(80).59,VLAN(80).60,VLAN(80).61,VLAN(80).62,VLAN(80).63,VLAN(80).64,VLAN(80).65,VLAN(80).66,VLAN(80).67,VLAN(80).68,VLAN(80).69","80,10100,10110,9700",VLAN(24).10,false
"9077, 9078, 9079",allow,udp,Any,VLAN(80).55,"80,10110,9700",VLAN(24).10,false
9482,allow,tcp,Any,VLAN(85).*,25,VLAN(85).21,false
9483,allow,udp,Any,VLAN(85).*,161,VLAN(85).21,false
"9669, 9670, 9671, 9672",allow,tcp,Any,VLAN(95).5,9705-9750,"VLAN(19).8,VLAN(19).51,VLAN(19).33,VLAN(19).30",false
"9686, 9689, 9691, 9693, 9696, 9698, 9700, 9703, 9705, 9707, 9710, 9712",allow,tcp,Any,"VLAN(95).17,VLAN(95).21","25,636,8014","VLAN(24).157,VLAN(24).31",false
"9687, 9688, 9690, 9692, 9694, 9695, 9697, 9699, 9701, 9702, 9704, 9706, 9708, 9709, 9711, 9713",allow,udp,Any,"VLAN(95).17,VLAN(95).21","53,80,135,136,137","VLAN(24).157,VLAN(24).31",false
"9687, 9688, 9690, 9692, 9694, 9695, 9697, 9699, 9701, 9702, 9704, 9706, 9708, 9709, 9711, 9713",allow,udp,Any,"VLAN(95).17,VLAN(95).21",9705-9750,"VLAN(24).157,VLAN(24).31",false
"9734, 9735, 9736",allow,tcp,Any,VLAN(95).18,515,"VLAN(24).5,VLAN(24).155,VLAN(24).156",false
9751,allow,tcp,Any,VLAN(95).*,9100,VLAN(19).27,false
9752,allow,udp,Any,VLAN(95).*,9100,VLAN(19).27,false
vlan24+vlan80 RITM0152785 CHG0141739 pharvey jgapa00 01/10/18,allow,tcp,Any,VLAN(24).4,"8090,27015","VLAN(80).168,VLAN(80).169,VLAN(80).170,VLAN(80).171,VLAN(80).172,VLAN(80).173,VLAN(80).174,VLAN(80).175,VLAN(80).176,VLAN(80).177,VLAN(80).178,VLAN(80).179,VLAN(80).180,VLAN(80).181",false
vlan24+vlan80 RITM0152785 CHG0141739 pharvey jgapa00 01/10/18,allow,tcp,Any,VLAN(24).157,"1777,1778,1899,1900","VLAN(80).168,VLAN(80).169,VLAN(80).170,VLAN(80).171,VLAN(80).172,VLAN(80).173,VLAN(80).174,VLAN(80).175,VLAN(80).176,VLAN(80).177,VLAN(80).178,VLAN(80).179,VLAN(80).180,VLAN(80).181",false
vlan24+vlan80 RITM0152785 CHG0141739 pharvey jgapa00 01/10/18,allow,tcp,Any,"VLAN(80).168,VLAN(80).169,VLAN(80).170,VLAN(80).171,VLAN(80).172,VLAN(80).173,VLAN(80).174,VLAN(80).175,VLAN(80).176,VLAN(80).177,VLAN(80).178,VLAN(80).179,VLAN(80).180,VLAN(80).181","1777,1778,1899,1900",VLAN(24).157,false
vlan24+vlan80 RITM0152785 CHG0141739 pharvey jgapa00 01/10/18,allow,udp,Any,VLAN(24).157,"1777,1899","VLAN(80).168,VLAN(80).169,VLAN(80).170,VLAN(80).171,VLAN(80).172,VLAN(80).173,VLAN(80).174,VLAN(80).175,VLAN(80).176,VLAN(80).177,VLAN(80).178,VLAN(80).179,VLAN(80).180,VLAN(80).181",false
vlan24+vlan80 RITM0152785 CHG0141739 pharvey jgapa00 01/10/18,allow,udp,Any,"VLAN(80).168,VLAN(80).169,VLAN(80).170,VLAN(80).171,VLAN(80).172,VLAN(80).173,VLAN(80).174,VLAN(80).175,VLAN(80).176,VLAN(80).177,VLAN(80).178,VLAN(80).179,VLAN(80).180,VLAN(80).181","1777,1899",VLAN(24).157,false
vlan80+vlan24 RITM0164132 MO B naveenraj jgapa00 01/12/18,allow,udp,Any,"VLAN(80).48,VLAN(80).49,VLAN(80).50,VLAN(80).51,VLAN(80).52,VLAN(80).53,VLAN(80).54,VLAN(80).55,VLAN(80).56,VLAN(80).57,VLAN(80).58,VLAN(80).59,VLAN(80).60,VLAN(80).61,VLAN(80).62,VLAN(80).63,VLAN(80).64,VLAN(80).65,VLAN(80).66,VLAN(80).67,VLAN(80).68,VLAN(80).69","123,10100",VLAN(24).4,false
vlan80+vlan24 RITM0164132 MO B naveenraj jgapa00 01/12/18,allow,udp,Any,VLAN(24).4,"123,10100","VLAN(80).48,VLAN(80).49,VLAN(80).50,VLAN(80).51,VLAN(80).52,VLAN(80).53,VLAN(80).54,VLAN(80).55,VLAN(80).56,VLAN(80).57,VLAN(80).58,VLAN(80).59,VLAN(80).60,VLAN(80).61,VLAN(80).62,VLAN(80).63,VLAN(80).64,VLAN(80).65,VLAN(80).66,VLAN(80).67,VLAN(80).68,VLAN(80).69",false
vlan80+vlan24 RITM0164132 MO B naveenraj jgapa00 01/12/18,allow,udp,Any,"VLAN(80).48,VLAN(80).49,VLAN(80).50,VLAN(80).51,VLAN(80).52,VLAN(80).53,VLAN(80).54,VLAN(80).55,VLAN(80).56,VLAN(80).57,VLAN(80).58,VLAN(80).59,VLAN(80).60,VLAN(80).61,VLAN(80).62,VLAN(80).63,VLAN(80).64,VLAN(80).65,VLAN(80).66,VLAN(80).67,VLAN(80).68,VLAN(80).69",30000-40000,VLAN(24).4,false
vlan80+vlan24 RITM0164132 MO B naveenraj jgapa00 01/12/18,allow,udp,Any,VLAN(24).4,30000-40000,"VLAN(80).48,VLAN(80).49,VLAN(80).50,VLAN(80).51,VLAN(80).52,VLAN(80).53,VLAN(80).54,VLAN(80).55,VLAN(80).56,VLAN(80).57,VLAN(80).58,VLAN(80).59,VLAN(80).60,VLAN(80).61,VLAN(80).62,VLAN(80).63,VLAN(80).64,VLAN(80).65,VLAN(80).66,VLAN(80).67,VLAN(80).68,VLAN(80).69",false
vlan80+vlan24 RITM0164132 MO B naveenraj jgapa00 01/12/18,allow,udp,Any,"VLAN(80).48,VLAN(80).49,VLAN(80).50,VLAN(80).51,VLAN(80).52,VLAN(80).53,VLAN(80).54,VLAN(80).55,VLAN(80).56,VLAN(80).57,VLAN(80).58,VLAN(80).59,VLAN(80).60,VLAN(80).61,VLAN(80).62,VLAN(80).63,VLAN(80).64,VLAN(80).65,VLAN(80).66,VLAN(80).67,VLAN(80).68,VLAN(80).69","1777,1778",VLAN(24).157,false
vlan80+vlan24 RITM0164132 MO B naveenraj jgapa00 01/12/18,allow,udp,Any,VLAN(24).157,"1777,1778","VLAN(80).48,VLAN(80).49,VLAN(80).50,VLAN(80).51,VLAN(80).52,VLAN(80).53,VLAN(80).54,VLAN(80).55,VLAN(80).56,VLAN(80).57,VLAN(80).58,VLAN(80).59,VLAN(80).60,VLAN(80).61,VLAN(80).62,VLAN(80).63,VLAN(80).64,VLAN(80).65,VLAN(80).66,VLAN(80).67,VLAN(80).68,VLAN(80).69",false
vlan80+vlan24 RITM0164132 MO B naveenraj jgapa00 01/12/18,allow,tcp,Any,"VLAN(80).48,VLAN(80).49,VLAN(80).50,VLAN(80).51,VLAN(80).52,VLAN(80).53,VLAN(80).54,VLAN(80).55,VLAN(80).56,VLAN(80).57,VLAN(80).58,VLAN(80).59,VLAN(80).60,VLAN(80).61,VLAN(80).62,VLAN(80).63,VLAN(80).64,VLAN(80).65,VLAN(80).66,VLAN(80).67,VLAN(80).68,VLAN(80).69","80,443,9700,10100",VLAN(24).4,false
vlan80+vlan24 RITM0164132 MO B naveenraj jgapa00 01/12/18,allow,tcp,Any,VLAN(24).4,"80,443,9700,10100","VLAN(80).48,VLAN(80).49,VLAN(80).50,VLAN(80).51,VLAN(80).52,VLAN(80).53,VLAN(80).54,VLAN(80).55,VLAN(80).56,VLAN(80).57,VLAN(80).58,VLAN(80).59,VLAN(80).60,VLAN(80).61,VLAN(80).62,VLAN(80).63,VLAN(80).64,VLAN(80).65,VLAN(80).66,VLAN(80).67,VLAN(80).68,VLAN(80).69",false
vlan80+vlan24 RITM0164132 MO B naveenraj jgapa00 01/12/18,allow,tcp,Any,"VLAN(80).48,VLAN(80).49,VLAN(80).50,VLAN(80).51,VLAN(80).52,VLAN(80).53,VLAN(80).54,VLAN(80).55,VLAN(80).56,VLAN(80).57,VLAN(80).58,VLAN(80).59,VLAN(80).60,VLAN(80).61,VLAN(80).62,VLAN(80).63,VLAN(80).64,VLAN(80).65,VLAN(80).66,VLAN(80).67,VLAN(80).68,VLAN(80).69",30000-40000,VLAN(24).4,false
vlan80+vlan24 RITM0164132 MO B naveenraj jgapa00 01/12/18,allow,tcp,Any,VLAN(24).4,30000-40000,"VLAN(80).48,VLAN(80).49,VLAN(80).50,VLAN(80).51,VLAN(80).52,VLAN(80).53,VLAN(80).54,VLAN(80).55,VLAN(80).56,VLAN(80).57,VLAN(80).58,VLAN(80).59,VLAN(80).60,VLAN(80).61,VLAN(80).62,VLAN(80).63,VLAN(80).64,VLAN(80).65,VLAN(80).66,VLAN(80).67,VLAN(80).68,VLAN(80).69",false
vlan80+vlan24 RITM0164132 MO B naveenraj jgapa00 01/12/18,allow,tcp,Any,"VLAN(80).48,VLAN(80).49,VLAN(80).50,VLAN(80).51,VLAN(80).52,VLAN(80).53,VLAN(80).54,VLAN(80).55,VLAN(80).56,VLAN(80).57,VLAN(80).58,VLAN(80).59,VLAN(80).60,VLAN(80).61,VLAN(80).62,VLAN(80).63,VLAN(80).64,VLAN(80).65,VLAN(80).66,VLAN(80).67,VLAN(80).68,VLAN(80).69","1777,1778",VLAN(24).157,false
vlan80+vlan24 RITM0164132 MO B naveenraj jgapa00 01/12/18,allow,tcp,Any,VLAN(24).157,"1777,1778","VLAN(80).48,VLAN(80).49,VLAN(80).50,VLAN(80).51,VLAN(80).52,VLAN(80).53,VLAN(80).54,VLAN(80).55,VLAN(80).56,VLAN(80).57,VLAN(80).58,VLAN(80).59,VLAN(80).60,VLAN(80).61,VLAN(80).62,VLAN(80).63,VLAN(80).64,VLAN(80).65,VLAN(80).66,VLAN(80).67,VLAN(80).68,VLAN(80).69",false
"vlan70,24 v36 NB RITM0157911 mgudi02 jgapa00 01/18/18",allow,tcp,Any,VLAN(70).33,22,VLAN(24).4,false
"vlan70,24 v36 NB RITM0157911 mgudi02 jgapa00 01/18/18",allow,tcp,Any,VLAN(70).33,"1417,2005",VLAN(24).50,false
,allow,icmp,Any,"VLAN(4).*,VLAN(7).*,VLAN(8).*,VLAN(6).6,VLAN(19).*,VLAN(40).*,VLAN(45).*,VLAN(70).*,VLAN(80).*,VLAN(81).*,VLAN(95).*,VLAN(79).*,VLAN(85).*,VLAN(35).*",Any,Any,false
,allow,icmp,Any,VLAN(16).*,Any,"VLAN(24).1,VLAN(24).4",false
,allow,icmp,Any,VLAN(24).*,Any,"10.0.0.0/8,165.19.0.0/16,167.146.0.0/16,172.146.0.0/16,172.16.0.0/12,192.168.0.0/16",false
,allow,icmp,Any,VLAN(60).27,Any,"217.68.152.66/32,74.125.225.178/32,10.131.91.129/32,74.125.225.180/32,74.125.225.179/32,74.125.225.176/32",false
ECDN,allow,tcp,Any,"VLAN(19).*,VLAN(70).*","80,443,8080",VLAN(996).*,false
ECDN,allow,udp,Any,"VLAN(19).*,VLAN(70).*",53,VLAN(996).*,false
ECDN,allow,tcp,Any,VLAN(996).*,"80,443,8080","VLAN(19).*,VLAN(70).*",false
ECDN,allow,udp,Any,VLAN(996).*,53,"VLAN(19).*,VLAN(70).*",false
CHG0135675 ssolo19 11/16/17,allow,tcp,Any,"VLAN(19).21,VLAN(19).*",80,VLAN(24).4,false
vlan70 v35 B RITM0141888 mgudipati schou12 12/11/2017,allow,tcp,Any,VLAN(70).33,5390,VLAN(24).23,false
vlan70 v35 B RITM0141888 mgudipati schou12 12/11/2017,allow,tcp,Any,VLAN(24).23,5390,VLAN(70).33,false
vlan60+70 B RITM0165439 ssolo19 1/19/18,allow,tcp,Any,VLAN(60).19,22,VLAN(70).62,false
"vlan81,95 NB MO RITM0179630 nraj jgapa00 02/09/2018",allow,tcp,Any,VLAN(81).*,9100,VLAN(95).*,false
vlan24+vlan70 v37 RITM0169712 mgudipati ssolo19 1/19/18,allow,tcp,Any,VLAN(24).50,22,VLAN(70).33,false
vlan24+vlan70 v37 RITM0169712 mgudipati ssolo19 1/19/18,allow,tcp,Any,VLAN(70).33,22,VLAN(24).50,false
vlan24+19 B RITM0212933 NRAJ000 odeoc00 04/02/2018,allow,tcp,Any,VLAN(24).4,1025,VLAN(19).201,false
vlan19+24 B RITM0212933 NRAJ000 odeoc00 04/02/2018,allow,tcp,Any,VLAN(19).201,1025,VLAN(24).4,false
"vlan24+vlan70,7,19  v40 B RITM0181546 vsaure schou12 4/7/2018",allow,tcp,Any,"VLAN(19).194,VLAN(7).2,VLAN(70).34",1417,VLAN(24).50,false
"vlan70,7,19+vlan24 v40 B RITM0181546 vsaure schou12 4/7/2018",allow,tcp,Any,VLAN(24).50,1417,"VLAN(19).194,VLAN(7).2,VLAN(70).34",false
vlan24 V40 1OFF RITM0212913 dkumar schou12 13/4/18,allow,tcp,Any,10.193.114.0/24,80,10.193.115.0/24,false
RITM0143084 mteferra ssolo19 11/28/17,deny,any,Any,192.168.192.0/24,Any,"10.0.0.0/8,172.16.0.0/12,192.168.0.0/16",true
RITM0143084 mteferra ssolo19 11/28/17,allow,any,Any,192.168.192.0/24,Any,Any,false
v5b odeoc00 4/17/18 00:10,deny,any,Any,Any,Any,Any,true
