[
  {
    "Store": 1111,
    "FunnelSubnet": "10.x.i.0/27",
    "ActualSubnet": "10.11.11.0/27",
    "Summary": "10.11.11.0/24"
  },
  {
    "Store": 1111,
    "FunnelSubnet": "10.x.j.0/27",
    "ActualSubnet": "10.11.11.32/27",
    "Summary": "10.11.11.0/24"
  },
  {
    "Store": 1112,
    "FunnelSubnet": "10.x.i.0/27",
    "ActualSubnet": "10.22.22.0/27",
    "Summary": "10.22.22.0/24"
  },
  {
    "Store": 1112,
    "FunnelSubnet": "10.x.j.0/27",
    "ActualSubnet": "10.22.22.32/27",
    "Summary": "10.22.22.0/24"
  }
]