[
    {
        "Vlan": "4",
        "Subnet": "",
        "Description": "",
        "dnsNameservers": "upstream_dns",
        "reservedIpRanges1-comment": "",
        "reservedIpRanges1-start": "",
        "reservedIpRanges1-end": "",
        "reservedIpRanges2-comment": "",
        "reservedIpRanges2-start": "",
        "reservedIpRanges2-end": ""
    },
    {
        "Vlan": "6",
        "Subnet": "",
        "Description": "",
        "dnsNameservers": "upstream_dns",
        "reservedIpRanges1-comment": "",
        "reservedIpRanges1-start": "",
        "reservedIpRanges1-end": "",
        "reservedIpRanges2-comment": "",
        "reservedIpRanges2-start": "",
        "reservedIpRanges2-end": ""
    },
    {
        "Vlan": "7",
        "Subnet": "",
        "Description": "",
        "dnsNameservers": "upstream_dns",
        "reservedIpRanges1-comment": "",
        "reservedIpRanges1-start": "",
        "reservedIpRanges1-end": "",
        "reservedIpRanges2-comment": "",
        "reservedIpRanges2-start": "",
        "reservedIpRanges2-end": ""
    },
    {
        "Vlan": "8",
        "Subnet": "",
        "Description": "",
        "dnsNameservers": "upstream_dns",
        "reservedIpRanges1-comment": "",
        "reservedIpRanges1-start": "",
        "reservedIpRanges1-end": "",
        "reservedIpRanges2-comment": "",
        "reservedIpRanges2-start": "",
        "reservedIpRanges2-end": ""
    },
    {
        "Vlan": "14",
        "Subnet": "",
        "Description": "",
        "dnsNameservers": "upstream_dns",
        "reservedIpRanges1-comment": "",
        "reservedIpRanges1-start": "",
        "reservedIpRanges1-end": "",
        "reservedIpRanges2-comment": "",
        "reservedIpRanges2-start": "",
        "reservedIpRanges2-end": ""
    },
    {
        "Vlan": "16",
        "Subnet": "",
        "Description": "",
        "dnsNameservers": "upstream_dns",
        "reservedIpRanges1-comment": "",
        "reservedIpRanges1-start": "",
        "reservedIpRanges1-end": "",
        "reservedIpRanges2-comment": "",
        "reservedIpRanges2-start": "",
        "reservedIpRanges2-end": ""
    },
    {
        "Vlan": "19",
        "Subnet": "",
        "Description": "",
        "dnsNameservers": "upstream_dns",
        "reservedIpRanges1-comment": "",
        "reservedIpRanges1-start": "",
        "reservedIpRanges1-end": "",
        "reservedIpRanges2-comment": "",
        "reservedIpRanges2-start": "",
        "reservedIpRanges2-end": ""
    },
    {
        "Vlan": "24",
        "Subnet": "",
        "Description": "",
        "dnsNameservers": "upstream_dns",
        "reservedIpRanges1-comment": "",
        "reservedIpRanges1-start": "",
        "reservedIpRanges1-end": "",
        "reservedIpRanges2-comment": "",
        "reservedIpRanges2-start": "",
        "reservedIpRanges2-end": ""
    },
    {
        "Vlan": "35",
        "Subnet": "",
        "Description": "",
        "dnsNameservers": "172.24.98.22\r, 172.18.0.10",
        "reservedIpRanges1-comment": "",
        "reservedIpRanges1-start": "",
        "reservedIpRanges1-end": "",
        "reservedIpRanges2-comment": "",
        "reservedIpRanges2-start": "",
        "reservedIpRanges2-end": ""
    },
    {
        "Vlan": "40",
        "Subnet": "",
        "Description": "",
        "dnsNameservers": "upstream_dns",
        "reservedIpRanges1-comment": "",
        "reservedIpRanges1-start": "",
        "reservedIpRanges1-end": "",
        "reservedIpRanges2-comment": "",
        "reservedIpRanges2-start": "",
        "reservedIpRanges2-end": ""
    },
    {
        "Vlan": "45",
        "Subnet": "",
        "Description": "",
        "dnsNameservers": "172.24.98.22\r,172.18.0.10",
        "reservedIpRanges1-comment": "reserved",
        "reservedIpRanges1-start": "193",
        "reservedIpRanges1-end": "195",
        "reservedIpRanges2-comment": "",
        "reservedIpRanges2-start": "",
        "reservedIpRanges2-end": ""
    },
    {
        "Vlan": "60",
        "Subnet": "",
        "Description": "",
        "dnsNameservers": "upstream_dns",
        "reservedIpRanges1-comment": "",
        "reservedIpRanges1-start": "",
        "reservedIpRanges1-end": "",
        "reservedIpRanges2-comment": "",
        "reservedIpRanges2-start": "",
        "reservedIpRanges2-end": ""
    },
    {
        "Vlan": "70",
        "Subnet": "",
        "Description": "",
        "dnsNameservers": "upstream_dns",
        "reservedIpRanges1-comment": "",
        "reservedIpRanges1-start": "",
        "reservedIpRanges1-end": "",
        "reservedIpRanges2-comment": "",
        "reservedIpRanges2-start": "",
        "reservedIpRanges2-end": ""
    },
    {
        "Vlan": "75",
        "Subnet": "",
        "Description": "",
        "dnsNameservers": "172.24.98.22\r,172.18.0.10",
        "reservedIpRanges1-comment": "reserved",
        "reservedIpRanges1-start": "129",
        "reservedIpRanges1-end": "192",
        "reservedIpRanges2-comment": "",
        "reservedIpRanges2-start": "",
        "reservedIpRanges2-end": ""
    },
    {
        "Vlan": "79",
        "Subnet": "",
        "Description": "",
        "dnsNameservers": "172.24.98.22\r,172.18.0.10",
        "reservedIpRanges1-comment": "reserved",
        "reservedIpRanges1-start": "193",
        "reservedIpRanges1-end": "199",
        "reservedIpRanges2-comment": "reserved",
        "reservedIpRanges2-start": "251",
        "reservedIpRanges2-end": "254"
    },
    {
        "Vlan": "80",
        "Subnet": "",
        "Description": "",
        "dnsNameservers": "upstream_dns",
        "reservedIpRanges1-comment": "",
        "reservedIpRanges1-start": "",
        "reservedIpRanges1-end": "",
        "reservedIpRanges2-comment": "",
        "reservedIpRanges2-start": "",
        "reservedIpRanges2-end": ""
    },
    {
        "Vlan": "81",
        "Subnet": "",
        "Description": "",
        "dnsNameservers": "172.24.98.22\r,172.18.0.10\r",
        "reservedIpRanges1-comment": "reserved",
        "reservedIpRanges1-start": "161",
        "reservedIpRanges1-end": "164",
        "reservedIpRanges2-comment": "",
        "reservedIpRanges2-start": "",
        "reservedIpRanges2-end": ""
    },
    {
        "Vlan": "82",
        "Subnet": "",
        "Description": "",
        "dnsNameservers": "172.24.98.22\r,172.18.0.10",
        "reservedIpRanges1-comment": "reserved",
        "reservedIpRanges1-start": "177",
        "reservedIpRanges1-end": "179",
        "reservedIpRanges2-comment": "",
        "reservedIpRanges2-start": "",
        "reservedIpRanges2-end": ""
    },
    {
        "Vlan": "85",
        "Subnet": "",
        "Description": "",
        "dnsNameservers": "upstream_dns",
        "reservedIpRanges1-comment": "",
        "reservedIpRanges1-start": "",
        "reservedIpRanges1-end": "",
        "reservedIpRanges2-comment": "",
        "reservedIpRanges2-start": "",
        "reservedIpRanges2-end": ""
    },
    {
        "Vlan": "95",
        "Subnet": "",
        "Description": "",
        "dnsNameservers": "upstream_dns",
        "reservedIpRanges1-comment": "",
        "reservedIpRanges1-start": "",
        "reservedIpRanges1-end": "",
        "reservedIpRanges2-comment": "",
        "reservedIpRanges2-start": "",
        "reservedIpRanges2-end": ""
    },
    {
        "Vlan": "992",
        "Subnet": "192.168.192.0/24",
        "Description": "Digital Signage - I",
        "dnsNameservers": "google_dns",
        "reservedIpRanges1-comment": "reserved",
        "reservedIpRanges1-start": "192.168.192.1",
        "reservedIpRanges1-end": "192.168.192.10",
        "reservedIpRanges2-comment": "",
        "reservedIpRanges2-start": "",
        "reservedIpRanges2-end": ""
    },
    {
        "Vlan": "995",
        "Subnet": "192.168.1.0/24",
        "Description": "Guest WIFI",
        "dnsNameservers": "google_dns",
        "reservedIpRanges1-comment": "reserved",
        "reservedIpRanges1-start": "192.168.1.1",
        "reservedIpRanges1-end": "192.168.1.1",
        "reservedIpRanges2-comment": "",
        "reservedIpRanges2-start": "",
        "reservedIpRanges2-end": ""
    },
    {
        "Vlan": "996",
        "Subnet": "192.168.100.0/24",
        "Description": "Cache VPN",
        "dnsNameservers": "upstream_dns",
        "reservedIpRanges1-comment": "",
        "reservedIpRanges1-start": "",
        "reservedIpRanges1-end": "",
        "reservedIpRanges2-comment": "",
        "reservedIpRanges2-start": "",
        "reservedIpRanges2-end": ""
    },
    {
        "Vlan": "997",
        "Subnet": "192.168.101.0/24",
        "Description": "Cache Internet",
        "dnsNameservers": "google_dns",
        "reservedIpRanges1-comment": "",
        "reservedIpRanges1-start": "",
        "reservedIpRanges1-end": "",
        "reservedIpRanges2-comment": "",
        "reservedIpRanges2-start": "",
        "reservedIpRanges2-end": ""
    }
]