[
    {
        "Vlan": "1014",
        "Subnet": "192.168.114.0/30",
        "Description": "\"Demo Jas\"",
        "dnsNameservers": "upstream_dns",
        "reservedIpRanges1-comment": "Reserved",
        "reservedIpRanges1-start": "129",
        "reservedIpRanges1-end": "178",
        "reservedIpRanges2-comment": "Reserved",
        "reservedIpRanges2-start": "179",
        "reservedIpRanges2-end": "190"
    },
    {
        "Vlan": "1015",
        "Subnet": "192.168.115.0/30",
        "Description": "\"Demo Jas\"",
        "dnsNameservers": "upstream_dns",
        "reservedIpRanges1-comment": "Reserved",
        "reservedIpRanges1-start": "129",
        "reservedIpRanges1-end": "178",
        "reservedIpRanges2-comment": "Reserved",
        "reservedIpRanges2-start": "179",
        "reservedIpRanges2-end": "190"
    }
]