{
    "CLI": {
        "networks-org": "org-AutomationTestOrg_DONOTDELETE",
        "networks-store-list": "store-list-8501",
        "networks-clone-source": "0_Base_Config_v2",
        "sites-org": "org-AutomationTestOrg_DONOTDELETE",
        "sites-store-list": "store-list-8501",
        "sites-l3fwrules-version": "l3fwrules_template_MAR_MX_Org_031318-v5",
        "store-lists-org": "org-Firewall_Testing_Org",
        "l3fwrules-org": "org-AutomationTestOrg_DONOTDELETE",
        "l3fwrules-store-list": "store-list-8501",
        "l3fwrules-version": "l3fwrules_template_MAR_MX_Org_031318-v5",
        "s2svpnrules-org": "org-AutomationTestOrg_DONOTDELETE",
        "s2svpnrules-version": "s2svpnrules_APR_MX_Org_040618-v3d",
        "vlans-add-org": "org-AutomationTestOrg_DONOTDELETE",
        "vlans-add-store-list": "store-list-8501",
        "vlans-add-list": "vlans-add-list-v01",
        "vlans-delete-org": "org-AutomationTestOrg_DONOTDELETE",
        "vlans-delete-store-list": "store-list-8501",
        "vlans-delete-list": "vlans-delete-list-v01",
        "dry-run": false
    },
    "org-name": "Firewall_Testing_Org",
    "store-name": null,
    "agent": null,
    "org-id": null,
    "folder-time-stamp": null,
    "store-number": null,
    "time-stamp": null,
    "netid": null,
    "orchestration-agent": "cli-get-store_list"
}